[label]	uniprot	idgfamily_label
1-phosphatidylinositol 3-phosphate 5-kinase	Q9Y2I7	Kinase
12-(S)-hydroxy-5,8,10,14-eicosatetraenoic acid receptor	O00270	GPCR
2-5a-dependent ribonuclease	Q05823	Kinase
2-oxoglutarate receptor 1	Q96P68	GPCR
3-phosphoinositide-dependent protein kinase 1	O15530	Kinase
5'-AMP-activated protein kinase catalytic subunit alpha-1	Q13131	Kinase
5'-AMP-activated protein kinase catalytic subunit alpha-2	P54646	Kinase
5'-AMP-activated protein kinase subunit beta-1	Q9Y478	Kinase
5'-AMP-activated protein kinase subunit gamma-1	P54619	Kinase
5-hydroxytryptamine receptor 1D	P28221	GPCR
5-hydroxytryptamine receptor 1E	P28566	GPCR
5-hydroxytryptamine receptor 1a	P08908	GPCR
5-hydroxytryptamine receptor 1b	P28222	GPCR
5-hydroxytryptamine receptor 1f	P30939	GPCR
5-hydroxytryptamine receptor 2A	P28223	GPCR
5-hydroxytryptamine receptor 2B	P41595	GPCR
5-hydroxytryptamine receptor 2c	P28335	GPCR
5-hydroxytryptamine receptor 3A	P46098	Ion channel
5-hydroxytryptamine receptor 3B	O95264	Ion channel
5-hydroxytryptamine receptor 3C	Q8WXA8	Ion channel
5-hydroxytryptamine receptor 3d	Q70Z44	Ion channel
5-hydroxytryptamine receptor 3e	A5X5Y0	Ion channel
5-hydroxytryptamine receptor 4	Q13639	GPCR
5-hydroxytryptamine receptor 5a	P47898	GPCR
5-hydroxytryptamine receptor 6	P50406	GPCR
5-hydroxytryptamine receptor 7	P34969	GPCR
6-phosphofructo-2-kinase/fructose-2,6-bisphosphatase 1	P16118	Kinase
6-phosphofructo-2-kinase/fructose-2,6-bisphosphatase 2	O60825	Kinase
6-phosphofructo-2-kinase/fructose-2,6-bisphosphatase 3	Q16875	Kinase
ADP-dependent glucokinase	Q9BRR6	Kinase
ATP-dependent 6-phosphofructokinase, muscle type	P08237	Kinase
ATP-dependent 6-phosphofructokinase, platelet type	Q01813	Kinase
ATP-sensitive inward rectifier potassium channel 1	P48048	Ion channel
ATP-sensitive inward rectifier potassium channel 10	P78508	Ion channel
ATP-sensitive inward rectifier potassium channel 11	Q14654	Ion channel
ATP-sensitive inward rectifier potassium channel 12	Q14500	Ion channel
ATP-sensitive inward rectifier potassium channel 15	Q99712	Ion channel
Aarf domain-containing protein kinase 4	Q96D53	Kinase
Abelson tyrosine-protein kinase 2	P42684	Kinase
Acetylcholine receptor subunit alpha	P02708	Ion channel
Acetylcholine receptor subunit beta	P11230	Ion channel
Acetylcholine receptor subunit delta	Q07001	Ion channel
Acetylcholine receptor subunit epsilon	Q04844	Ion channel
Acetylcholine receptor subunit gamma	P07510	Ion channel
Acid-sensing ion channel 1	P78348	Ion channel
Acid-sensing ion channel 2	Q16515	Ion channel
Acid-sensing ion channel 3	Q9UHC3	Ion channel
Acid-sensing ion channel 4	Q96FT7	Ion channel
Acid-sensing ion channel 5	Q9NY37	Ion channel
Activated cdc42 kinase 1	Q07912	Kinase
Activin receptor type-1	Q04771	Kinase
Activin receptor type-1b	P36896	Kinase
Activin receptor type-1c	Q8NER5	Kinase
Activin receptor type-2a	P27037	Kinase
Activin receptor type-2b	Q13705	Kinase
Adenosine kinase	P55263	Kinase
Adenosine receptor a1	P30542	GPCR
Adenosine receptor a2a	P29274	GPCR
Adenosine receptor a2b	P29275	GPCR
Adenosine receptor a3	P0DMS8	GPCR
Adenylate kinase 2, mitochondrial	P54819	Kinase
Adenylate kinase 4, mitochondrial	P27144	Kinase
Adenylate kinase 8	Q96MA6	Kinase
Adenylate kinase 9	Q5TCS8	Kinase
Adenylate kinase isoenzyme 1	P00568	Kinase
Adenylate kinase isoenzyme 5	Q9Y6K8	Kinase
Adenylate kinase isoenzyme 6	Q9Y3D8	Kinase
Adhesion G protein-coupled receptor A1	Q86SQ6	GPCR
Adhesion G protein-coupled receptor A3	Q8IWK6	GPCR
Adhesion G protein-coupled receptor B2	O60241	GPCR
Adhesion G protein-coupled receptor B3	O60242	GPCR
Adhesion G protein-coupled receptor E1	Q14246	GPCR
Adhesion G protein-coupled receptor E2	Q9UHX3	GPCR
Adhesion G protein-coupled receptor E3	Q9BY15	GPCR
Adhesion G protein-coupled receptor F4	Q8IZF3	GPCR
Adhesion G protein-coupled receptor F5	Q8IZF2	GPCR
Adhesion G protein-coupled receptor G3	Q86Y34	GPCR
Adhesion G protein-coupled receptor L2	O95490	GPCR
Adhesion G protein-coupled receptor L4	Q9HBW9	GPCR
Adhesion G-protein coupled receptor D1	Q6QNK2	GPCR
Adhesion G-protein coupled receptor D2	Q7Z7M1	GPCR
Adhesion G-protein coupled receptor F1	Q5T601	GPCR
Adhesion G-protein coupled receptor F2	Q8IZF7	GPCR
Adhesion G-protein coupled receptor F3	Q8IZF5	GPCR
Adhesion G-protein coupled receptor G2	Q8IZP9	GPCR
Adhesion G-protein coupled receptor G4	Q8IZF6	GPCR
Adhesion G-protein coupled receptor G5	Q8IZF4	GPCR
Adhesion G-protein coupled receptor G7	Q96K78	GPCR
Adrenocorticotropic hormone receptor	Q01718	GPCR
Alk tyrosine kinase receptor	Q9UM73	Kinase
Alpha-1B adrenergic receptor	P35368	GPCR
Alpha-1D adrenergic receptor	P25100	GPCR
Alpha-1a adrenergic receptor	P35348	GPCR
Alpha-2B adrenergic receptor	P18089	GPCR
Alpha-2a adrenergic receptor	P08913	GPCR
Alpha-2c adrenergic receptor	P18825	GPCR
Alpha-protein kinase 1	Q96QP1	Kinase
Alpha-protein kinase 2	Q86TB3	Kinase
Alpha-protein kinase 3	Q96L96	Kinase
Amiloride-sensitive sodium channel subunit alpha	P37088	Ion channel
Amiloride-sensitive sodium channel subunit beta	P51168	Ion channel
Amiloride-sensitive sodium channel subunit delta	P51172	Ion channel
Amiloride-sensitive sodium channel subunit gamma	P51170	Ion channel
Androgen receptor	P10275	Nuclear hormone receptor
Angiopoietin-1 receptor	Q02763	Kinase
Ankyrin repeat and protein kinase domain-containing protein 1	Q8NFD2	Kinase
Anoctamin-1	Q5XXA6	Ion channel
Anoctamin-2	Q9NQ90	Ion channel
Anoctamin-6	Q4KMQ2	Ion channel
Anti-muellerian hormone type-2 receptor	Q16671	Kinase
Ap2-associated protein kinase 1	Q2M2I8	Kinase
Apelin receptor	P35414	GPCR
Atp-dependent 6-phosphofructokinase, liver type	P17858	Kinase
Atp-sensitive inward rectifier potassium channel 14	Q9UNX9	Ion channel
Atp-sensitive inward rectifier potassium channel 8	Q15842	Ion channel
Atrial natriuretic peptide receptor 1	P16066	Kinase
Atrial natriuretic peptide receptor 2	P20594	Kinase
Atypical chemokine receptor 1	Q16570	GPCR
Atypical chemokine receptor 2	O00590	GPCR
Atypical chemokine receptor 3	P25106	GPCR
Atypical chemokine receptor 4	Q9NPB9	GPCR
Atypical kinase adck3, mitochondrial	Q8NI60	Kinase
Aurora kinase a	O14965	Kinase
Aurora kinase b	Q96GD4	Kinase
Aurora kinase c	Q9UQB9	Kinase
B1 bradykinin receptor	P46663	GPCR
B2 bradykinin receptor	P30411	GPCR
Bdnf/nt-3 growth factors receptor	Q16620	Kinase
Bestrophin-1	O76090	Ion channel
Bestrophin-2	Q8NFU1	Ion channel
Bestrophin-3	Q8N1M1	Ion channel
Bestrophin-4	Q8NFU0	Ion channel
Beta-1 adrenergic receptor	P08588	GPCR
Beta-2 adrenergic receptor	P07550	GPCR
Beta-3 adrenergic receptor	P13945	GPCR
Beta-adrenergic receptor kinase 1	P25098	Kinase
Beta-adrenergic receptor kinase 2	P35626	Kinase
Bile acid receptor	Q96RI1	Nuclear hormone receptor
Bmp-2-inducible protein kinase	Q9NSY1	Kinase
Bombesin receptor subtype-3	P32247	GPCR
Bone morphogenetic protein receptor type-1a	P36894	Kinase
Bone morphogenetic protein receptor type-1b	O00238	Kinase
Bone morphogenetic protein receptor type-2	Q13873	Kinase
Brain-specific angiogenesis inhibitor 1	O14514	GPCR
C-C chemokine receptor type 2	P41597	GPCR
C-C chemokine receptor type 3	P51677	GPCR
C-C chemokine receptor type 4	P51679	GPCR
C-C chemokine receptor type 5	P51681	GPCR
C-C chemokine receptor type 6	P51684	GPCR
C-C chemokine receptor-like 2	O00421	GPCR
C-X-C chemokine receptor type 1	P25024	GPCR
C-X-C chemokine receptor type 2	P25025	GPCR
C-c chemokine receptor type 1	P32246	GPCR
C-c chemokine receptor type 10	P46092	GPCR
C-c chemokine receptor type 7	P32248	GPCR
C-c chemokine receptor type 8	P51685	GPCR
C-c chemokine receptor type 9	P51686	GPCR
C-x-c chemokine receptor type 3	P49682	GPCR
C-x-c chemokine receptor type 4	P61073	GPCR
C-x-c chemokine receptor type 5	P32302	GPCR
C-x-c chemokine receptor type 6	O00574	GPCR
C3a anaphylatoxin chemotactic receptor	Q16581	GPCR
C5a anaphylatoxin chemotactic receptor 1	P21730	GPCR
C5a anaphylatoxin chemotactic receptor 2	Q9P296	GPCR
CD97 antigen	P48960	GPCR
CGMP-gated cation channel alpha-1	P29973	Ion channel
CX3C chemokine receptor 1	P49238	GPCR
Cadherin EGF LAG seven-pass G-type receptor 3	Q9NYQ7	GPCR
Cadherin egf lag seven-pass g-type receptor 1	Q9NYQ6	GPCR
Cadherin egf lag seven-pass g-type receptor 2	Q9HCU4	GPCR
Calcitonin gene-related peptide type 1 receptor	Q16602	GPCR
Calcitonin receptor	P30988	GPCR
Calcium homeostasis modulator protein 1	Q8IU99	Ion channel
Calcium homeostasis modulator protein 2	Q9HA72	Ion channel
Calcium homeostasis modulator protein 3	Q86XJ0	Ion channel
Calcium release-activated calcium channel protein 1	Q96D31	Ion channel
Calcium uniporter protein, mitochondrial	Q8NE86	Ion channel
Calcium-activated chloride channel regulator 1	A8K7I4	Ion channel
Calcium-activated chloride channel regulator 2	Q9UQC9	Ion channel
Calcium-activated chloride channel regulator 4	Q14CN2	Ion channel
Calcium-activated chloride channel regulator family member 3	Q9Y6N3	Ion channel
Calcium-activated potassium channel subunit alpha-1	Q12791	Ion channel
Calcium-activated potassium channel subunit beta-1	Q16558	Ion channel
Calcium-activated potassium channel subunit beta-2	Q9Y691	Ion channel
Calcium-activated potassium channel subunit beta-3	Q9NPA1	Ion channel
Calcium-activated potassium channel subunit beta-4	Q86W47	Ion channel
Calcium/calmodulin-dependent protein kinase kinase 1	Q8N5S9	Kinase
Calcium/calmodulin-dependent protein kinase kinase 2	Q96RR4	Kinase
Calcium/calmodulin-dependent protein kinase type 1	Q14012	Kinase
Calcium/calmodulin-dependent protein kinase type 1b	Q6P2M8	Kinase
Calcium/calmodulin-dependent protein kinase type 1d	Q8IU85	Kinase
Calcium/calmodulin-dependent protein kinase type 1g	Q96NX5	Kinase
Calcium/calmodulin-dependent protein kinase type ii subunit alpha	Q9UQM7	Kinase
Calcium/calmodulin-dependent protein kinase type ii subunit beta	Q13554	Kinase
Calcium/calmodulin-dependent protein kinase type ii subunit delta	Q13557	Kinase
Calcium/calmodulin-dependent protein kinase type ii subunit gamma	Q13555	Kinase
Calcium/calmodulin-dependent protein kinase type iv	Q16566	Kinase
Calsenilin	Q9Y2W7	Ion channel
Cam kinase-like vesicle-associated protein	Q8NCB2	Kinase
Camp-dependent protein kinase catalytic subunit alpha	P17612	Kinase
Camp-dependent protein kinase catalytic subunit beta	P22694	Kinase
Camp-dependent protein kinase catalytic subunit gamma	P22612	Kinase
Camp-dependent protein kinase catalytic subunit prkx	P51817	Kinase
Cannabinoid receptor 1	P21554	GPCR
Cannabinoid receptor 2	P34972	GPCR
Casein kinase II subunit alpha	P68400	Kinase
Casein kinase II subunit alpha'	P19784	Kinase
Casein kinase i isoform alpha	P48729	Kinase
Casein kinase i isoform alpha-like	Q8N752	Kinase
Casein kinase i isoform delta	P48730	Kinase
Casein kinase i isoform epsilon	P49674	Kinase
Casein kinase i isoform gamma-1	Q9HCP0	Kinase
Casein kinase i isoform gamma-2	P78368	Kinase
Casein kinase i isoform gamma-3	Q9Y6M4	Kinase
Casein kinase ii subunit alpha 3	Q8NEV1	Kinase
Casein kinase ii subunit beta	P67870	Kinase
Cation channel sperm-associated protein 1	Q8NEC5	Ion channel
Cation channel sperm-associated protein 2	Q96P56	Ion channel
Cation channel sperm-associated protein 3	Q86XQ3	Ion channel
Cation channel sperm-associated protein 4	Q7RTX7	Ion channel
Cell division cycle 7-related protein kinase	O00311	Kinase
Ceramide kinase	Q8TCT0	Kinase
Cgmp-dependent protein kinase 1	Q13976	Kinase
Cgmp-dependent protein kinase 2	Q13237	Kinase
Chemokine xc receptor 1	P46094	GPCR
Chemokine-like receptor 1	Q99788	GPCR
Chloride channel CLIC-like protein 1	Q96S66	Ion channel
Chloride channel protein 1	P35523	Ion channel
Chloride channel protein 2	P51788	Ion channel
Chloride channel protein clc-ka	P51800	Ion channel
Chloride channel protein clc-kb	P51801	Ion channel
Chloride intracellular channel protein 1	O00299	Ion channel
Chloride intracellular channel protein 2	O15247	Ion channel
Chloride intracellular channel protein 3	O95833	Ion channel
Chloride intracellular channel protein 4	Q9Y696	Ion channel
Chloride intracellular channel protein 5	Q9NZA1	Ion channel
Chloride intracellular channel protein 6	Q96NY7	Ion channel
Chloride transport protein 6	P51797	Ion channel
Cholecystokinin receptor type a	P32238	GPCR
Choline kinase alpha	P35790	Kinase
Choline/ethanolamine kinase	Q9Y259	Kinase
Citron rho-interacting kinase	O14578	Kinase
Corticotropin-releasing factor receptor 1	P34998	GPCR
Corticotropin-releasing factor receptor 2	Q13324	GPCR
Coup transcription factor 1	P10589	Nuclear hormone receptor
Coup transcription factor 2	P24468	Nuclear hormone receptor
Creatine kinase B-type	P12277	Kinase
Creatine kinase S-type, mitochondrial	P17540	Kinase
Creatine kinase U-type, mitochondrial	P12532	Kinase
Creatine kinase m-type	P06732	Kinase
Cyclic nucleotide-gated cation channel alpha-3	Q16281	Ion channel
Cyclic nucleotide-gated cation channel alpha-4	Q8IV77	Ion channel
Cyclic nucleotide-gated cation channel beta-1	Q14028	Ion channel
Cyclic nucleotide-gated cation channel beta-3	Q9NQW8	Ion channel
Cyclic nucleotide-gated olfactory channel	Q16280	Ion channel
Cyclin-dependent kinase 1	P06493	Kinase
Cyclin-dependent kinase 10	Q15131	Kinase
Cyclin-dependent kinase 11a	Q9UQ88	Kinase
Cyclin-dependent kinase 11b	P21127	Kinase
Cyclin-dependent kinase 12	Q9NYV4	Kinase
Cyclin-dependent kinase 13	Q14004	Kinase
Cyclin-dependent kinase 14	O94921	Kinase
Cyclin-dependent kinase 15	Q96Q40	Kinase
Cyclin-dependent kinase 16	Q00536	Kinase
Cyclin-dependent kinase 17	Q00537	Kinase
Cyclin-dependent kinase 18	Q07002	Kinase
Cyclin-dependent kinase 19	Q9BWU1	Kinase
Cyclin-dependent kinase 2	P24941	Kinase
Cyclin-dependent kinase 20	Q8IZL9	Kinase
Cyclin-dependent kinase 3	Q00526	Kinase
Cyclin-dependent kinase 4	P11802	Kinase
Cyclin-dependent kinase 6	Q00534	Kinase
Cyclin-dependent kinase 7	P50613	Kinase
Cyclin-dependent kinase 8	P49336	Kinase
Cyclin-dependent kinase 9	P50750	Kinase
Cyclin-dependent kinase-like 1	Q00532	Kinase
Cyclin-dependent kinase-like 2	Q92772	Kinase
Cyclin-dependent kinase-like 3	Q8IVW4	Kinase
Cyclin-dependent kinase-like 4	Q5MAI5	Kinase
Cyclin-dependent kinase-like 5	O76039	Kinase
Cyclin-dependent-like kinase 5	Q00535	Kinase
Cyclin-g-associated kinase	O14976	Kinase
Cysteinyl leukotriene receptor 1	Q9Y271	GPCR
Cysteinyl leukotriene receptor 2	Q9NS75	GPCR
Cystic fibrosis transmembrane conductance regulator	P13569	Ion channel
Cytochrome b-245 heavy chain	P04839	Ion channel
Cytoplasmic tyrosine-protein kinase bmx	P51813	Kinase
D(1B) dopamine receptor	P21918	GPCR
D(1a) dopamine receptor	P21728	GPCR
D(2) dopamine receptor	P14416	GPCR
D(3) dopamine receptor	P35462	GPCR
D(4) dopamine receptor	P21917	GPCR
Death-associated protein kinase 1	P53355	Kinase
Death-associated protein kinase 2	Q9UIK4	Kinase
Death-associated protein kinase 3	O43293	Kinase
Delta-type opioid receptor	P41143	GPCR
Deoxycytidine kinase	P27707	Kinase
Deoxyguanosine kinase, mitochondrial	Q16854	Kinase
Diacylglycerol kinase alpha	P23743	Kinase
Diacylglycerol kinase eta	Q86XP1	Kinase
Diacylglycerol kinase theta	P52824	Kinase
Discoidin domain-containing receptor 2	Q16832	Kinase
Dna-dependent protein kinase catalytic subunit	P78527	Kinase
Dual serine/threonine and tyrosine protein kinase	Q6XUX3	Kinase
Dual specificity mitogen-activated protein kinase kinase 1	Q02750	Kinase
Dual specificity mitogen-activated protein kinase kinase 2	P36507	Kinase
Dual specificity mitogen-activated protein kinase kinase 3	P46734	Kinase
Dual specificity mitogen-activated protein kinase kinase 4	P45985	Kinase
Dual specificity mitogen-activated protein kinase kinase 5	Q13163	Kinase
Dual specificity mitogen-activated protein kinase kinase 6	P52564	Kinase
Dual specificity mitogen-activated protein kinase kinase 7	O14733	Kinase
Dual specificity protein kinase clk1	P49759	Kinase
Dual specificity protein kinase clk2	P49760	Kinase
Dual specificity protein kinase clk3	P49761	Kinase
Dual specificity protein kinase clk4	Q9HAZ1	Kinase
Dual specificity protein kinase ttk	P33981	Kinase
Dual specificity testis-specific protein kinase 1	Q15569	Kinase
Dual specificity testis-specific protein kinase 2	Q96S53	Kinase
Dual specificity tyrosine-phosphorylation-regulated kinase 1a	Q13627	Kinase
Dual specificity tyrosine-phosphorylation-regulated kinase 1b	Q9Y463	Kinase
Dual specificity tyrosine-phosphorylation-regulated kinase 2	Q92630	Kinase
Dual specificity tyrosine-phosphorylation-regulated kinase 3	O43781	Kinase
Dual specificity tyrosine-phosphorylation-regulated kinase 4	Q9NR20	Kinase
Endothelin b receptor	P24530	GPCR
Endothelin-1 receptor	P25101	GPCR
Ephrin type-a receptor 1	P21709	Kinase
Ephrin type-a receptor 10	Q5JZY3	Kinase
Ephrin type-a receptor 2	P29317	Kinase
Ephrin type-a receptor 3	P29320	Kinase
Ephrin type-a receptor 4	P54764	Kinase
Ephrin type-a receptor 5	P54756	Kinase
Ephrin type-a receptor 6	Q9UF33	Kinase
Ephrin type-a receptor 7	Q15375	Kinase
Ephrin type-a receptor 8	P29322	Kinase
Ephrin type-b receptor 1	P54762	Kinase
Ephrin type-b receptor 2	P29323	Kinase
Ephrin type-b receptor 3	P54753	Kinase
Ephrin type-b receptor 4	P54760	Kinase
Ephrin type-b receptor 6	O15197	Kinase
Ephrin-a1	P20827	Kinase
Epidermal growth factor receptor	P00533	Kinase
Epithelial discoidin domain-containing receptor 1	Q08345	Kinase
Estrogen receptor	P03372	Nuclear hormone receptor
Estrogen receptor beta	Q92731	Nuclear hormone receptor
Estrogen-related receptor gamma	P62508	Nuclear hormone receptor
Ethanolamine kinase 1	Q9HBU6	Kinase
Ethanolamine kinase 2	Q9NVF9	Kinase
Eukaryotic elongation factor 2 kinase	O00418	Kinase
Eukaryotic translation initiation factor 2-alpha kinase 1	Q9BQI3	Kinase
Eukaryotic translation initiation factor 2-alpha kinase 3	Q9NZJ5	Kinase
Eukaryotic translation initiation factor 2-alpha kinase 4	Q9P2K8	Kinase
Extracellular calcium-sensing receptor	P41180	GPCR
Extracellular tyrosine-protein kinase PKDCC	Q504Y2	Kinase
FGGY carbohydrate kinase domain-containing protein	Q96C11	Kinase
FMet-Leu-Phe receptor	P21462	GPCR
FXYD domain-containing ion transport regulator 4	P59646	Ion channel
FXYD domain-containing ion transport regulator 5	Q96DB9	Ion channel
FXYD domain-containing ion transport regulator 6	Q9H0Q3	Ion channel
Fas-activated serine/threonine kinase	Q14296	Kinase
Fibroblast growth factor receptor 1	P11362	Kinase
Fibroblast growth factor receptor 2	P21802	Kinase
Fibroblast growth factor receptor 3	P22607	Kinase
Fibroblast growth factor receptor 4	P22455	Kinase
Focal adhesion kinase 1	Q05397	Kinase
Follicle-stimulating hormone receptor	P23945	GPCR
Free fatty acid receptor 1	O14842	GPCR
Free fatty acid receptor 2	O15552	GPCR
Free fatty acid receptor 3	O14843	GPCR
Free fatty acid receptor 4	Q5NUL3	GPCR
Frizzled-1	Q9UP38	GPCR
Frizzled-10	Q9ULW2	GPCR
Frizzled-2	Q14332	GPCR
Frizzled-3	Q9NPG1	GPCR
Frizzled-4	Q9ULV1	GPCR
Frizzled-5	Q13467	GPCR
Frizzled-6	O60353	GPCR
Frizzled-7	O75084	GPCR
Frizzled-8	Q9H461	GPCR
Frizzled-9	O00144	GPCR
Fructosamine-3-kinase	Q9H479	Kinase
Fxyd domain-containing ion transport regulator 3	Q14802	Ion channel
Fxyd domain-containing ion transport regulator 7	P58549	Ion channel
G protein-activated inward rectifier potassium channel 1	P48549	Ion channel
G protein-activated inward rectifier potassium channel 2	P48051	Ion channel
G protein-activated inward rectifier potassium channel 3	Q92806	Ion channel
G protein-activated inward rectifier potassium channel 4	P48544	Ion channel
G protein-coupled receptor kinase 4	P32298	Kinase
G protein-coupled receptor kinase 5	P34947	Kinase
G protein-coupled receptor kinase 6	P43250	Kinase
G protein-coupled receptor kinase 7	Q8WTQ7	Kinase
G-protein coupled bile acid receptor 1	Q8TDU6	GPCR
G-protein coupled estrogen receptor 1	Q99527	GPCR
G-protein coupled receptor 1	P46091	GPCR
G-protein coupled receptor 12	P47775	GPCR
G-protein coupled receptor 124	Q96PE1	GPCR
G-protein coupled receptor 126	Q86SQ4	GPCR
G-protein coupled receptor 143	P51810	GPCR
G-protein coupled receptor 15	P49685	GPCR
G-protein coupled receptor 161	Q8N6U8	GPCR
G-protein coupled receptor 182	O15218	GPCR
G-protein coupled receptor 183	P32249	GPCR
G-protein coupled receptor 20	Q99678	GPCR
G-protein coupled receptor 26	Q8NDV2	GPCR
G-protein coupled receptor 3	P46089	GPCR
G-protein coupled receptor 35	Q9HC97	GPCR
G-protein coupled receptor 39	O43194	GPCR
G-protein coupled receptor 4	P46093	GPCR
G-protein coupled receptor 42	O15529	GPCR
G-protein coupled receptor 55	Q9Y2T6	GPCR
G-protein coupled receptor 56	Q9Y653	GPCR
G-protein coupled receptor 6	P46095	GPCR
G-protein coupled receptor 78	Q96P69	GPCR
G-protein coupled receptor 84	Q9NQS5	GPCR
G-protein coupled receptor 87	Q9BY21	GPCR
G-protein coupled receptor 98	Q8WXG9	GPCR
G-protein coupled receptor family C group 5 member B	Q9NZH0	GPCR
G-protein coupled receptor family c group 5 member c	Q9NQ84	GPCR
G-protein coupled receptor family c group 5 member d	Q9NZD1	GPCR
G-protein coupled receptor family c group 6 member a	Q5T6X5	GPCR
Galactokinase	P51570	Kinase
Galanin receptor type 1	P47211	GPCR
Galanin receptor type 2	O43603	GPCR
Galanin receptor type 3	O60755	GPCR
Gamma-aminobutyric acid receptor subunit alpha-1	P14867	Ion channel
Gamma-aminobutyric acid receptor subunit alpha-2	P47869	Ion channel
Gamma-aminobutyric acid receptor subunit alpha-3	P34903	Ion channel
Gamma-aminobutyric acid receptor subunit alpha-4	P48169	Ion channel
Gamma-aminobutyric acid receptor subunit alpha-5	P31644	Ion channel
Gamma-aminobutyric acid receptor subunit alpha-6	Q16445	Ion channel
Gamma-aminobutyric acid receptor subunit beta-1	P18505	Ion channel
Gamma-aminobutyric acid receptor subunit beta-2	P47870	Ion channel
Gamma-aminobutyric acid receptor subunit beta-3	P28472	Ion channel
Gamma-aminobutyric acid receptor subunit delta	O14764	Ion channel
Gamma-aminobutyric acid receptor subunit epsilon	P78334	Ion channel
Gamma-aminobutyric acid receptor subunit gamma-1	Q8N1C3	Ion channel
Gamma-aminobutyric acid receptor subunit gamma-2	P18507	Ion channel
Gamma-aminobutyric acid receptor subunit gamma-3	Q99928	Ion channel
Gamma-aminobutyric acid receptor subunit pi	O00591	Ion channel
Gamma-aminobutyric acid receptor subunit rho-1	P24046	Ion channel
Gamma-aminobutyric acid receptor subunit rho-2	P28476	Ion channel
Gamma-aminobutyric acid receptor subunit rho-3	A8MPY1	Ion channel
Gamma-aminobutyric acid receptor subunit theta	Q9UN88	Ion channel
Gamma-aminobutyric acid type B receptor subunit 1	Q9UBS5	GPCR
Gamma-aminobutyric acid type b receptor subunit 2	O75899	GPCR
Gastric inhibitory polypeptide receptor	P48546	GPCR
Gastrin-releasing peptide receptor	P30550	GPCR
Gastrin/cholecystokinin type B receptor	P32239	GPCR
Glucagon receptor	P47871	GPCR
Glucagon-like peptide 1 receptor	P43220	GPCR
Glucagon-like peptide 2 receptor	O95838	GPCR
Glucocorticoid receptor	P04150	Nuclear hormone receptor
Glucokinase	P35557	Kinase
Glucose-dependent insulinotropic receptor	Q8TDV5	GPCR
Glutamate receptor 1	P42261	Ion channel
Glutamate receptor 2	P42262	Ion channel
Glutamate receptor 3	P42263	Ion channel
Glutamate receptor 4	P48058	Ion channel
Glutamate receptor ionotropic, NMDA 2A	Q12879	Ion channel
Glutamate receptor ionotropic, NMDA 3A	Q8TCU5	Ion channel
Glutamate receptor ionotropic, NMDA 3B	O60391	Ion channel
Glutamate receptor ionotropic, delta-1	Q9ULK0	Ion channel
Glutamate receptor ionotropic, delta-2	O43424	Ion channel
Glutamate receptor ionotropic, kainate 1	P39086	Ion channel
Glutamate receptor ionotropic, kainate 2	Q13002	Ion channel
Glutamate receptor ionotropic, kainate 3	Q13003	Ion channel
Glutamate receptor ionotropic, kainate 4	Q16099	Ion channel
Glutamate receptor ionotropic, kainate 5	Q16478	Ion channel
Glutamate receptor ionotropic, nmda 1	Q05586	Ion channel
Glutamate receptor ionotropic, nmda 2b	Q13224	Ion channel
Glutamate receptor ionotropic, nmda 2c	Q14957	Ion channel
Glutamate receptor ionotropic, nmda 2d	O15399	Ion channel
Glycerate kinase	Q8IVS8	Kinase
Glycerol kinase	P32189	Kinase
Glycerol kinase 2	Q14410	Kinase
Glycerol kinase 3	Q14409	Kinase
Glycine receptor subunit alpha-1	P23415	Ion channel
Glycine receptor subunit alpha-2	P23416	Ion channel
Glycine receptor subunit alpha-3	O75311	Ion channel
Glycine receptor subunit alpha-4	Q5JXX5	Ion channel
Glycine receptor subunit beta	P48167	Ion channel
Glycogen synthase kinase-3 alpha	P49840	Kinase
Glycogen synthase kinase-3 beta	P49841	Kinase
Golgi ph regulator a	B7ZAQ6	Ion channel
Golgi ph regulator b	P0CG08	Ion channel
Gonadotropin-releasing hormone receptor	P30968	GPCR
Growth hormone secretagogue receptor type 1	Q92847	GPCR
Growth hormone-releasing hormone receptor	Q02643	GPCR
Gtp:amp phosphotransferase ak3, mitochondrial	Q9UIJ7	Kinase
Guanylate kinase	Q16774	Kinase
H(+)/Cl(-) exchange transporter 3	P51790	Ion channel
H(+)/Cl(-) exchange transporter 7	P51798	Ion channel
H(+)/cl(-) exchange transporter 4	P51793	Ion channel
H(+)/cl(-) exchange transporter 5	P51795	Ion channel
Heat-stable enterotoxin receptor	P25092	Kinase
Hepatocyte growth factor receptor	P08581	Kinase
Hepatocyte nuclear factor 4-alpha	P41235	Nuclear hormone receptor
Hepatocyte nuclear factor 4-gamma	Q14541	Nuclear hormone receptor
Hexokinase-1	P19367	Kinase
Hexokinase-2	P52789	Kinase
Hexokinase-3	P52790	Kinase
High affinity nerve growth factor receptor	P04629	Kinase
Histamine H1 receptor	P35367	GPCR
Histamine H3 receptor	Q9Y5N1	GPCR
Histamine H4 receptor	Q9H3N8	GPCR
Histamine h2 receptor	P25021	GPCR
Homeodomain-interacting protein kinase 1	Q86Z02	Kinase
Homeodomain-interacting protein kinase 2	Q9H2X6	Kinase
Homeodomain-interacting protein kinase 3	Q9H422	Kinase
Homeodomain-interacting protein kinase 4	Q8NE63	Kinase
Hormonally up-regulated neu tumor-associated kinase	P57058	Kinase
Hydroxycarboxylic acid receptor 1	Q9BXC0	GPCR
Hydroxycarboxylic acid receptor 2	Q8TDS4	GPCR
Hydroxycarboxylic acid receptor 3	P49019	GPCR
Inactive serine/threonine-protein kinase plk5	Q496M5	Kinase
Inactive serine/threonine-protein kinase tex14	Q8IWB6	Kinase
Inactive serine/threonine-protein kinase vrk3	Q8IV63	Kinase
Inactive tyrosine-protein kinase 7	Q13308	Kinase
Inhibitor of nuclear factor kappa-b kinase subunit alpha	O15111	Kinase
Inhibitor of nuclear factor kappa-b kinase subunit beta	O14920	Kinase
Inhibitor of nuclear factor kappa-b kinase subunit epsilon	Q14164	Kinase
Inositol 1,4,5-trisphosphate receptor type 1	Q14643	Ion channel
Inositol 1,4,5-trisphosphate receptor type 2	Q14571	Ion channel
Inositol 1,4,5-trisphosphate receptor type 3	Q14573	Ion channel
Inositol hexakisphosphate kinase 1	Q92551	Kinase
Inositol hexakisphosphate kinase 2	Q9UHH9	Kinase
Inositol hexakisphosphate kinase 3	Q96PC2	Kinase
Inositol polyphosphate multikinase	Q8NFU5	Kinase
Inositol-tetrakisphosphate 1-kinase	Q13572	Kinase
Inositol-trisphosphate 3-kinase C	Q96DU7	Kinase
Inositol-trisphosphate 3-kinase a	P23677	Kinase
Inositol-trisphosphate 3-kinase b	P27987	Kinase
Insulin receptor	P06213	Kinase
Insulin receptor-related protein	P14616	Kinase
Insulin-like growth factor 1 receptor	P08069	Kinase
Integral membrane protein GPR137	Q96N19	GPCR
Integrin-linked protein kinase	Q13418	Kinase
Interferon-induced, double-stranded rna-activated protein kinase	P19525	Kinase
Interferon-inducible double-stranded rna-dependent protein kinase activator a	O75569	Kinase
Interleukin-1 receptor-associated kinase 1	P51617	Kinase
Interleukin-1 receptor-associated kinase 3	Q9Y616	Kinase
Interleukin-1 receptor-associated kinase 4	Q9NWZ3	Kinase
Interleukin-1 receptor-associated kinase-like 2	O43187	Kinase
Intermediate conductance calcium-activated potassium channel protein 4	O15554	Ion channel
Inward rectifier potassium channel 13	O60928	Ion channel
Inward rectifier potassium channel 16	Q9NPI9	Ion channel
Inward rectifier potassium channel 18	B7U540	Ion channel
Inward rectifier potassium channel 2	P63252	Ion channel
Inward rectifier potassium channel 4	P48050	Ion channel
Kalirin	O60229	Kinase
Kappa-type opioid receptor	P41145	GPCR
Ketohexokinase	P50053	Kinase
Ketosamine-3-kinase	Q9HA64	Kinase
Kinase suppressor of ras 1	Q8IVT5	Kinase
Kinase suppressor of ras 2	Q6VAB6	Kinase
Kiss-1 receptor	Q969F8	GPCR
Kv channel-interacting protein 1	Q9NZI2	Ion channel
Kv channel-interacting protein 2	Q9NS61	Ion channel
Kv channel-interacting protein 4	Q6PIL6	Ion channel
L-fucose kinase	Q8N0W3	Kinase
L-seryl-tRNA(Sec) kinase	Q8IV42	Kinase
Latrophilin-1	O94910	GPCR
Latrophilin-3	Q9HAR2	GPCR
Leucine-rich repeat serine/threonine-protein kinase 1	Q38SD2	Kinase
Leucine-rich repeat serine/threonine-protein kinase 2	Q5S007	Kinase
Leucine-rich repeat-containing G-protein coupled receptor 5	O75473	GPCR
Leucine-rich repeat-containing G-protein coupled receptor 6	Q9HBX8	GPCR
Leucine-rich repeat-containing g-protein coupled receptor 4	Q9BXB1	GPCR
Leucine-rich repeat-containing protein 26	Q2I0M4	Ion channel
Leucine-rich repeat-containing protein 38	Q5VT99	Ion channel
Leucine-rich repeat-containing protein 52	Q8N7C0	Ion channel
Leucine-rich repeat-containing protein 55	Q6ZSA7	Ion channel
Leukocyte tyrosine kinase receptor	P29376	Kinase
Leukotriene B4 receptor 2	Q9NPC1	GPCR
Leukotriene b4 receptor 1	Q15722	GPCR
Lim domain kinase 1	P53667	Kinase
Lim domain kinase 2	P53671	Kinase
Long-wave-sensitive opsin 1	P04000	GPCR
Lutropin-choriogonadotropic hormone receptor	P22888	GPCR
Lymphokine-activated killer t-cell-originated protein kinase	Q96KB5	Kinase
Lysophosphatidic acid receptor 1	Q92633	GPCR
Lysophosphatidic acid receptor 2	Q9HBW0	GPCR
Lysophosphatidic acid receptor 3	Q9UBY5	GPCR
Lysophosphatidic acid receptor 4	Q99677	GPCR
Lysophosphatidic acid receptor 5	Q9H1C0	GPCR
Lysophosphatidic acid receptor 6	P43657	GPCR
Macrophage colony-stimulating factor 1 receptor	P07333	Kinase
Macrophage-stimulating protein receptor	Q04912	Kinase
Map kinase-activated protein kinase 2	P49137	Kinase
Map kinase-activated protein kinase 3	Q16644	Kinase
Map kinase-activated protein kinase 5	Q8IW41	Kinase
Map kinase-interacting serine/threonine-protein kinase 1	Q9BUB5	Kinase
Map kinase-interacting serine/threonine-protein kinase 2	Q9HBH9	Kinase
Map/microtubule affinity-regulating kinase 3	P27448	Kinase
Map/microtubule affinity-regulating kinase 4	Q96L34	Kinase
Mapk/mak/mrk overlapping kinase	Q9UQ07	Kinase
Mas-related G-protein coupled receptor member F	Q96AM1	GPCR
Mas-related G-protein coupled receptor member X4	Q96LA9	GPCR
Mas-related g-protein coupled receptor member d	Q8TDS7	GPCR
Mas-related g-protein coupled receptor member e	Q86SM8	GPCR
Mas-related g-protein coupled receptor member g	Q86SM5	GPCR
Mas-related g-protein coupled receptor member x1	Q96LB2	GPCR
Mas-related g-protein coupled receptor member x2	Q96LB1	GPCR
Mas-related g-protein coupled receptor member x3	Q96LB0	GPCR
Mas-related g-protein coupled receptor mrg	P35410	GPCR
Mast/stem cell growth factor receptor kit	P10721	Kinase
Maternal embryonic leucine zipper kinase	Q14680	Kinase
Medium-wave-sensitive opsin 1	P04001	GPCR
Megakaryocyte-associated tyrosine-protein kinase	P42679	Kinase
Melanin-concentrating hormone receptor 1	Q99705	GPCR
Melanin-concentrating hormone receptor 2	Q969V1	GPCR
Melanocortin receptor 3	P41968	GPCR
Melanocortin receptor 4	P32245	GPCR
Melanocortin receptor 5	P33032	GPCR
Melanocyte-stimulating hormone receptor	Q01726	GPCR
Melanopsin	Q9UHM6	GPCR
Melatonin receptor type 1a	P48039	GPCR
Melatonin receptor type 1b	P49286	GPCR
Melatonin-related receptor	Q13585	GPCR
Membrane protein MLC1	Q15049	Ion channel
Membrane-associated tyrosine- and threonine-specific cdc2-inhibitory kinase	Q99640	Kinase
Metabotropic glutamate receptor 1	Q13255	GPCR
Metabotropic glutamate receptor 2	Q14416	GPCR
Metabotropic glutamate receptor 3	Q14832	GPCR
Metabotropic glutamate receptor 4	Q14833	GPCR
Metabotropic glutamate receptor 5	P41594	GPCR
Metabotropic glutamate receptor 6	O15303	GPCR
Metabotropic glutamate receptor 7	Q14831	GPCR
Metabotropic glutamate receptor 8	O00222	GPCR
Mevalonate kinase	Q03426	Kinase
Microtubule-associated serine/threonine-protein kinase 1	Q9Y2H9	Kinase
Microtubule-associated serine/threonine-protein kinase 2	Q6P0Q8	Kinase
Microtubule-associated serine/threonine-protein kinase 3	O60307	Kinase
Microtubule-associated serine/threonine-protein kinase 4	O15021	Kinase
Mineralocorticoid receptor	P08235	Nuclear hormone receptor
Misshapen-like kinase 1	Q8N4C8	Kinase
Mitogen-activated protein kinase 1	P28482	Kinase
Mitogen-activated protein kinase 10	P53779	Kinase
Mitogen-activated protein kinase 11	Q15759	Kinase
Mitogen-activated protein kinase 12	P53778	Kinase
Mitogen-activated protein kinase 13	O15264	Kinase
Mitogen-activated protein kinase 14	Q16539	Kinase
Mitogen-activated protein kinase 15	Q8TD08	Kinase
Mitogen-activated protein kinase 3	P27361	Kinase
Mitogen-activated protein kinase 4	P31152	Kinase
Mitogen-activated protein kinase 6	Q16659	Kinase
Mitogen-activated protein kinase 7	Q13164	Kinase
Mitogen-activated protein kinase 8	P45983	Kinase
Mitogen-activated protein kinase 9	P45984	Kinase
Mitogen-activated protein kinase kinase kinase 1	Q13233	Kinase
Mitogen-activated protein kinase kinase kinase 10	Q02779	Kinase
Mitogen-activated protein kinase kinase kinase 11	Q16584	Kinase
Mitogen-activated protein kinase kinase kinase 12	Q12852	Kinase
Mitogen-activated protein kinase kinase kinase 13	O43283	Kinase
Mitogen-activated protein kinase kinase kinase 14	Q99558	Kinase
Mitogen-activated protein kinase kinase kinase 15	Q6ZN16	Kinase
Mitogen-activated protein kinase kinase kinase 19	Q56UN5	Kinase
Mitogen-activated protein kinase kinase kinase 2	Q9Y2U5	Kinase
Mitogen-activated protein kinase kinase kinase 3	Q99759	Kinase
Mitogen-activated protein kinase kinase kinase 4	Q9Y6R4	Kinase
Mitogen-activated protein kinase kinase kinase 5	Q99683	Kinase
Mitogen-activated protein kinase kinase kinase 6	O95382	Kinase
Mitogen-activated protein kinase kinase kinase 7	O43318	Kinase
Mitogen-activated protein kinase kinase kinase 8	P41279	Kinase
Mitogen-activated protein kinase kinase kinase 9	P80192	Kinase
Mitogen-activated protein kinase kinase kinase kinase 1	Q92918	Kinase
Mitogen-activated protein kinase kinase kinase kinase 2	Q12851	Kinase
Mitogen-activated protein kinase kinase kinase kinase 3	Q8IVH8	Kinase
Mitogen-activated protein kinase kinase kinase kinase 4	O95819	Kinase
Mitogen-activated protein kinase kinase kinase kinase 5	Q9Y4K4	Kinase
Mitogen-activated protein kinase kinase kinase mlk4	Q5TCX8	Kinase
Mitogen-activated protein kinase kinase kinase mlt	Q9NYL2	Kinase
Mitotic checkpoint serine/threonine-protein kinase bub1	O43683	Kinase
Mitotic checkpoint serine/threonine-protein kinase bub1 beta	O60566	Kinase
Mixed lineage kinase domain-like protein	Q8NB16	Kinase
Motilin receptor	O43193	GPCR
Mu-type opioid receptor	P35372	GPCR
Mucolipin-1	Q9GZU1	Ion channel
Mucolipin-2	Q8IZK6	Ion channel
Mucolipin-3	Q8TDD5	Ion channel
Muscarinic acetylcholine receptor M5	P08912	GPCR
Muscarinic acetylcholine receptor m1	P11229	GPCR
Muscarinic acetylcholine receptor m2	P08172	GPCR
Muscarinic acetylcholine receptor m3	P20309	GPCR
Muscarinic acetylcholine receptor m4	P08173	GPCR
Muscle, skeletal receptor tyrosine-protein kinase	O15146	Kinase
Myosin light chain kinase 2, skeletal/cardiac muscle	Q9H1R3	Kinase
Myosin light chain kinase 3	Q32MK0	Kinase
Myosin light chain kinase family member 4	Q86YV6	Kinase
Myosin light chain kinase, smooth muscle	Q15746	Kinase
Myosin-iiia	Q8NEV4	Kinase
Myosin-iiib	Q8WXR4	Kinase
Myotonin-protein kinase	Q09013	Kinase
N-acetyl-D-glucosamine kinase	Q9UJ70	Kinase
N-acetylgalactosamine kinase	Q01415	Kinase
N-arachidonyl glycine receptor	Q14330	GPCR
N-formyl peptide receptor 2	P25090	GPCR
N-formyl peptide receptor 3	P25089	GPCR
N-terminal kinase-like protein	Q96KG9	Kinase
NAD kinase	O95544	Kinase
NAD kinase 2, mitochondrial	Q4G0N4	Kinase
Nadph oxidase 1	Q9Y5S8	Ion channel
Nadph oxidase 5	Q96PH1	Ion channel
Neuromedin-B receptor	P28336	GPCR
Neuromedin-K receptor	P29371	GPCR
Neuromedin-U receptor 1	Q9HB89	GPCR
Neuromedin-U receptor 2	Q9GZQ4	GPCR
Neuronal acetylcholine receptor subunit alpha-10	Q9GZZ6	Ion channel
Neuronal acetylcholine receptor subunit alpha-2	Q15822	Ion channel
Neuronal acetylcholine receptor subunit alpha-3	P32297	Ion channel
Neuronal acetylcholine receptor subunit alpha-4	P43681	Ion channel
Neuronal acetylcholine receptor subunit alpha-5	P30532	Ion channel
Neuronal acetylcholine receptor subunit alpha-6	Q15825	Ion channel
Neuronal acetylcholine receptor subunit alpha-7	P36544	Ion channel
Neuronal acetylcholine receptor subunit alpha-9	Q9UGM1	Ion channel
Neuronal acetylcholine receptor subunit beta-2	P17787	Ion channel
Neuronal acetylcholine receptor subunit beta-3	Q05901	Ion channel
Neuronal acetylcholine receptor subunit beta-4	P30926	Ion channel
Neuropeptide FF receptor 2	Q9Y5X5	GPCR
Neuropeptide S receptor	Q6W5P4	GPCR
Neuropeptide Y receptor type 4	P50391	GPCR
Neuropeptide ff receptor 1	Q9GZQ6	GPCR
Neuropeptide y receptor type 1	P25929	GPCR
Neuropeptide y receptor type 2	P49146	GPCR
Neuropeptide y receptor type 5	Q15761	GPCR
Neuropeptides B/W receptor type 1	P48145	GPCR
Neuropeptides b/w receptor type 2	P48146	GPCR
Neurotensin receptor type 1	P30989	GPCR
Neurotensin receptor type 2	O95665	GPCR
Nf-kappa-b essential modulator	Q9Y6K9	Kinase
Nicotinamide riboside kinase 1	Q9NWW6	Kinase
Nicotinamide riboside kinase 2	Q9NPI5	Kinase
Nik-related protein kinase	Q7Z2Y5	Kinase
Nociceptin receptor	P41146	GPCR
Non-receptor tyrosine-protein kinase tnk1	Q13470	Kinase
Non-receptor tyrosine-protein kinase tyk2	P29597	Kinase
Nt-3 growth factor receptor	Q16288	Kinase
Nuak family snf1-like kinase 1	O60285	Kinase
Nuak family snf1-like kinase 2	Q9H093	Kinase
Nuclear receptor ror-alpha	P35398	Nuclear hormone receptor
Nuclear receptor ror-beta	Q92753	Nuclear hormone receptor
Nuclear receptor ror-gamma	P51449	Nuclear hormone receptor
Nuclear receptor subfamily 0 group b member 1	P51843	Nuclear hormone receptor
Nuclear receptor subfamily 0 group b member 2	Q15466	Nuclear hormone receptor
Nuclear receptor subfamily 1 group d member 1	P20393	Nuclear hormone receptor
Nuclear receptor subfamily 1 group d member 2	Q14995	Nuclear hormone receptor
Nuclear receptor subfamily 1 group i member 2	O75469	Nuclear hormone receptor
Nuclear receptor subfamily 1 group i member 3	Q14994	Nuclear hormone receptor
Nuclear receptor subfamily 2 group c member 1	P13056	Nuclear hormone receptor
Nuclear receptor subfamily 2 group c member 2	P49116	Nuclear hormone receptor
Nuclear receptor subfamily 2 group e member 1	Q9Y466	Nuclear hormone receptor
Nuclear receptor subfamily 2 group f member 6	P10588	Nuclear hormone receptor
Nuclear receptor subfamily 4 group a member 1	P22736	Nuclear hormone receptor
Nuclear receptor subfamily 4 group a member 2	P43354	Nuclear hormone receptor
Nuclear receptor subfamily 4 group a member 3	Q92570	Nuclear hormone receptor
Nuclear receptor subfamily 5 group a member 2	O00482	Nuclear hormone receptor
Nuclear receptor subfamily 6 group a member 1	Q15406	Nuclear hormone receptor
Nuclear receptor-binding protein	Q9UHY1	Kinase
Nuclear receptor-binding protein 2	Q9NSY0	Kinase
Nucleoside diphosphate kinase 3	Q13232	Kinase
Nucleoside diphosphate kinase 6	O75414	Kinase
Nucleoside diphosphate kinase A	P15531	Kinase
Nucleoside diphosphate kinase B	P22392	Kinase
Nucleoside diphosphate kinase homolog 5	P56597	Kinase
Nucleoside diphosphate kinase, mitochondrial	O00746	Kinase
Obscurin	Q5VST9	Kinase
Olfactory receptor 10A3	P58181	GPCR
Olfactory receptor 10A4	Q9H209	GPCR
Olfactory receptor 10A7	Q8NGE5	GPCR
Olfactory receptor 10AC1	Q8NH08	GPCR
Olfactory receptor 10AD1	Q8NGE0	GPCR
Olfactory receptor 10AG1	Q8NH19	GPCR
Olfactory receptor 10C1	Q96KK4	GPCR
Olfactory receptor 10G2	Q8NGC3	GPCR
Olfactory receptor 10G3	Q8NGC4	GPCR
Olfactory receptor 10G4	Q8NGN3	GPCR
Olfactory receptor 10G6	Q8NH81	GPCR
Olfactory receptor 10G7	Q8NGN6	GPCR
Olfactory receptor 10G8	Q8NGN5	GPCR
Olfactory receptor 10H3	O60404	GPCR
Olfactory receptor 10H4	Q8NGA5	GPCR
Olfactory receptor 10J1	P30954	GPCR
Olfactory receptor 10J4	P0C629	GPCR
Olfactory receptor 10J5	Q8NHC4	GPCR
Olfactory receptor 10K1	Q8NGX5	GPCR
Olfactory receptor 10P1	Q8NGE3	GPCR
Olfactory receptor 10S1	Q8NGN2	GPCR
Olfactory receptor 10V1	Q8NGI7	GPCR
Olfactory receptor 10W1	Q8NGF6	GPCR
Olfactory receptor 10a2	Q9H208	GPCR
Olfactory receptor 10a5	Q9H207	GPCR
Olfactory receptor 10a6	Q8NH74	GPCR
Olfactory receptor 10g9	Q8NGN4	GPCR
Olfactory receptor 10h1	Q9Y4A9	GPCR
Olfactory receptor 10h2	O60403	GPCR
Olfactory receptor 10h5	Q8NGA6	GPCR
Olfactory receptor 10j3	Q5JRS4	GPCR
Olfactory receptor 10k2	Q6IF99	GPCR
Olfactory receptor 10q1	Q8NGQ4	GPCR
Olfactory receptor 10r2	Q8NGX6	GPCR
Olfactory receptor 10t2	Q8NGX3	GPCR
Olfactory receptor 10x1	Q8NGY0	GPCR
Olfactory receptor 10z1	Q8NGY1	GPCR
Olfactory receptor 11A1	Q9GZK7	GPCR
Olfactory receptor 11H2	Q8NH07	GPCR
Olfactory receptor 11H4	Q8NGC9	GPCR
Olfactory receptor 11L1	Q8NGX0	GPCR
Olfactory receptor 11g2	Q8NGC1	GPCR
Olfactory receptor 11h1	Q8NG94	GPCR
Olfactory receptor 11h12	B2RN74	GPCR
Olfactory receptor 11h6	Q8NGC7	GPCR
Olfactory receptor 11h7	Q8NGC8	GPCR
Olfactory receptor 12D2	P58182	GPCR
Olfactory receptor 12D3	Q9UGF7	GPCR
Olfactory receptor 13A1	Q8NGR1	GPCR
Olfactory receptor 13C2	Q8NGS9	GPCR
Olfactory receptor 13C3	Q8NGS6	GPCR
Olfactory receptor 13C5	Q8NGS8	GPCR
Olfactory receptor 13C8	Q8NGS7	GPCR
Olfactory receptor 13C9	Q8NGT0	GPCR
Olfactory receptor 13G1	Q8NGZ3	GPCR
Olfactory receptor 13H1	Q8NG92	GPCR
Olfactory receptor 13J1	Q8NGT2	GPCR
Olfactory receptor 13c4	Q8NGS5	GPCR
Olfactory receptor 13d1	Q8NGV5	GPCR
Olfactory receptor 13f1	Q8NGS4	GPCR
Olfactory receptor 14A16	Q8NHC5	GPCR
Olfactory receptor 14A2	Q96R54	GPCR
Olfactory receptor 14C36	Q8NHC7	GPCR
Olfactory receptor 14I1	A6ND48	GPCR
Olfactory receptor 14J1	Q9UGF5	GPCR
Olfactory receptor 14k1	Q8NGZ2	GPCR
Olfactory receptor 1A1	Q9P1Q5	GPCR
Olfactory receptor 1A2	Q9Y585	GPCR
Olfactory receptor 1B1	Q8NGR6	GPCR
Olfactory receptor 1C1	Q15619	GPCR
Olfactory receptor 1D2	P34982	GPCR
Olfactory receptor 1D4	P47884	GPCR
Olfactory receptor 1D5	P58170	GPCR
Olfactory receptor 1E1	P30953	GPCR
Olfactory receptor 1F12	Q8NHA8	GPCR
Olfactory receptor 1G1	P47890	GPCR
Olfactory receptor 1I1	O60431	GPCR
Olfactory receptor 1J1	Q8NGS3	GPCR
Olfactory receptor 1J2	Q8NGS2	GPCR
Olfactory receptor 1J4	Q8NGS1	GPCR
Olfactory receptor 1K1	Q8NGR3	GPCR
Olfactory receptor 1L1	Q8NH94	GPCR
Olfactory receptor 1L8	Q8NGR8	GPCR
Olfactory receptor 1N1	Q8NGS0	GPCR
Olfactory receptor 1Q1	Q15612	GPCR
Olfactory receptor 1S1	Q8NH92	GPCR
Olfactory receptor 1e2	P47887	GPCR
Olfactory receptor 1e3	Q8WZA6	GPCR
Olfactory receptor 1f1	O43749	GPCR
Olfactory receptor 1l3	Q8NH93	GPCR
Olfactory receptor 1l4	Q8NGR5	GPCR
Olfactory receptor 1l6	Q8NGR2	GPCR
Olfactory receptor 1m1	Q8NGA1	GPCR
Olfactory receptor 1n2	Q8NGR9	GPCR
Olfactory receptor 1p1	Q8NH06	GPCR
Olfactory receptor 1s2	Q8NGQ3	GPCR
Olfactory receptor 2A1/2A42	Q8NGT9	GPCR
Olfactory receptor 2A14	Q96R47	GPCR
Olfactory receptor 2A2	Q6IF42	GPCR
Olfactory receptor 2A25	A4D2G3	GPCR
Olfactory receptor 2AG1	Q9H205	GPCR
Olfactory receptor 2AK2	Q8NG84	GPCR
Olfactory receptor 2AP1	Q8NGE2	GPCR
Olfactory receptor 2AT4	A6NND4	GPCR
Olfactory receptor 2B11	Q5JQS5	GPCR
Olfactory receptor 2B2	Q9GZK3	GPCR
Olfactory receptor 2B6	P58173	GPCR
Olfactory receptor 2C1	O95371	GPCR
Olfactory receptor 2C3	Q8N628	GPCR
Olfactory receptor 2D3	Q8NGH3	GPCR
Olfactory receptor 2F1	Q13607	GPCR
Olfactory receptor 2G2	Q8NGZ5	GPCR
Olfactory receptor 2H1	Q9GZK4	GPCR
Olfactory receptor 2H2	O95918	GPCR
Olfactory receptor 2J1	Q9GZK6	GPCR
Olfactory receptor 2J2	O76002	GPCR
Olfactory receptor 2J3	O76001	GPCR
Olfactory receptor 2L13	Q8N349	GPCR
Olfactory receptor 2L3	Q8NG85	GPCR
Olfactory receptor 2L5	Q8NG80	GPCR
Olfactory receptor 2M5	A3KFT3	GPCR
Olfactory receptor 2M7	Q8NG81	GPCR
Olfactory receptor 2T1	O43869	GPCR
Olfactory receptor 2T2	Q6IF00	GPCR
Olfactory receptor 2T3	Q8NH03	GPCR
Olfactory receptor 2T33	Q8NG76	GPCR
Olfactory receptor 2T35	Q8NGX2	GPCR
Olfactory receptor 2T4	Q8NH00	GPCR
Olfactory receptor 2T7	P0C7T2	GPCR
Olfactory receptor 2V1	Q8NHB1	GPCR
Olfactory receptor 2W3	Q7Z3T1	GPCR
Olfactory receptor 2Y1	Q8NGV0	GPCR
Olfactory receptor 2Z1	Q8NG97	GPCR
Olfactory receptor 2a12	Q8NGT7	GPCR
Olfactory receptor 2a4	O95047	GPCR
Olfactory receptor 2a5	Q96R48	GPCR
Olfactory receptor 2a7	Q96R45	GPCR
Olfactory receptor 2ae1	Q8NHA4	GPCR
Olfactory receptor 2ag2	A6NM03	GPCR
Olfactory receptor 2aj1	Q8NGZ0	GPCR
Olfactory receptor 2d2	Q9H210	GPCR
Olfactory receptor 2f2	O95006	GPCR
Olfactory receptor 2g3	Q8NGZ4	GPCR
Olfactory receptor 2g6	Q5TZ20	GPCR
Olfactory receptor 2k2	Q8NGT1	GPCR
Olfactory receptor 2l2	Q8NH16	GPCR
Olfactory receptor 2l8	Q8NGY9	GPCR
Olfactory receptor 2m2	Q96R28	GPCR
Olfactory receptor 2m3	Q8NG83	GPCR
Olfactory receptor 2m4	Q96R27	GPCR
Olfactory receptor 2s2	Q9NQN1	GPCR
Olfactory receptor 2t10	Q8NGZ9	GPCR
Olfactory receptor 2t11	Q8NH01	GPCR
Olfactory receptor 2t12	Q8NG77	GPCR
Olfactory receptor 2t27	Q8NH04	GPCR
Olfactory receptor 2t29	Q8NH02	GPCR
Olfactory receptor 2t34	Q8NGX1	GPCR
Olfactory receptor 2t5	Q6IEZ7	GPCR
Olfactory receptor 2t6	Q8NHC8	GPCR
Olfactory receptor 2t8	A6NH00	GPCR
Olfactory receptor 2v2	Q96R30	GPCR
Olfactory receptor 2w1	Q9Y3N9	GPCR
Olfactory receptor 3A1	P47881	GPCR
Olfactory receptor 3A3	P47888	GPCR
Olfactory receptor 3a2	P47893	GPCR
Olfactory receptor 4A15	Q8NGL6	GPCR
Olfactory receptor 4A16	Q8NH70	GPCR
Olfactory receptor 4A5	Q8NH83	GPCR
Olfactory receptor 4A8	P0C604	GPCR
Olfactory receptor 4B1	Q8NGF8	GPCR
Olfactory receptor 4C12	Q96R67	GPCR
Olfactory receptor 4C3	Q8NH37	GPCR
Olfactory receptor 4C46	A6NHA9	GPCR
Olfactory receptor 4D1	Q15615	GPCR
Olfactory receptor 4D10	Q8NGI6	GPCR
Olfactory receptor 4D11	Q8NGI4	GPCR
Olfactory receptor 4D2	P58180	GPCR
Olfactory receptor 4D5	Q8NGN0	GPCR
Olfactory receptor 4D6	Q8NGJ1	GPCR
Olfactory receptor 4E1	P0C645	GPCR
Olfactory receptor 4E2	Q8NGC2	GPCR
Olfactory receptor 4F21	O95013	GPCR
Olfactory receptor 4F4	Q96R69	GPCR
Olfactory receptor 4F5	Q8NH21	GPCR
Olfactory receptor 4K13	Q8NH42	GPCR
Olfactory receptor 4K15	Q8NH41	GPCR
Olfactory receptor 4K2	Q8NGD2	GPCR
Olfactory receptor 4K5	Q8NGD3	GPCR
Olfactory receptor 4L1	Q8NH43	GPCR
Olfactory receptor 4M1	Q8NGD0	GPCR
Olfactory receptor 4M2	Q8NGB6	GPCR
Olfactory receptor 4N4	Q8N0Y3	GPCR
Olfactory receptor 4N5	Q8IXE1	GPCR
Olfactory receptor 4P4	Q8NGL7	GPCR
Olfactory receptor 4Q3	Q8NH05	GPCR
Olfactory receptor 4S1	Q8NGB4	GPCR
Olfactory receptor 4X2	Q8NGF9	GPCR
Olfactory receptor 4a47	Q6IF82	GPCR
Olfactory receptor 4c11	Q6IEV9	GPCR
Olfactory receptor 4c13	Q8NGP0	GPCR
Olfactory receptor 4c15	Q8NGM1	GPCR
Olfactory receptor 4c16	Q8NGL9	GPCR
Olfactory receptor 4c45	A6NMZ5	GPCR
Olfactory receptor 4c5	Q8NGB2	GPCR
Olfactory receptor 4c6	Q8NH72	GPCR
Olfactory receptor 4d9	Q8NGE8	GPCR
Olfactory receptor 4f15	Q8NGB8	GPCR
Olfactory receptor 4f17	Q8NGA8	GPCR
Olfactory receptor 4f3/4f16/4f29	Q6IEY1	GPCR
Olfactory receptor 4f6	Q8NGB9	GPCR
Olfactory receptor 4k1	Q8NGD4	GPCR
Olfactory receptor 4k14	Q8NGD5	GPCR
Olfactory receptor 4k17	Q8NGC6	GPCR
Olfactory receptor 4k3	Q96R72	GPCR
Olfactory receptor 4n2	Q8NGD1	GPCR
Olfactory receptor 4q2	P0C623	GPCR
Olfactory receptor 4s2	Q8NH73	GPCR
Olfactory receptor 4x1	Q8NH49	GPCR
Olfactory receptor 51A2	Q8NGJ7	GPCR
Olfactory receptor 51A4	Q8NGJ6	GPCR
Olfactory receptor 51B4	Q9Y5P0	GPCR
Olfactory receptor 51B5	Q9H339	GPCR
Olfactory receptor 51B6	Q9H340	GPCR
Olfactory receptor 51D1	Q8NGF3	GPCR
Olfactory receptor 51F2	Q8NH61	GPCR
Olfactory receptor 51H1	Q8NH63	GPCR
Olfactory receptor 51I1	Q9H343	GPCR
Olfactory receptor 51I2	Q9H344	GPCR
Olfactory receptor 51J1	Q9H342	GPCR
Olfactory receptor 51Q1	Q8NH59	GPCR
Olfactory receptor 51S1	Q8NGJ8	GPCR
Olfactory receptor 51T1	Q8NGJ9	GPCR
Olfactory receptor 51V1	Q9H2C8	GPCR
Olfactory receptor 51a7	Q8NH64	GPCR
Olfactory receptor 51b2	Q9Y5P1	GPCR
Olfactory receptor 51e1	Q8TCB6	GPCR
Olfactory receptor 51e2	Q9H255	GPCR
Olfactory receptor 51f1	A6NGY5	GPCR
Olfactory receptor 51g1	Q8NGK1	GPCR
Olfactory receptor 51g2	Q8NGK0	GPCR
Olfactory receptor 51l1	Q8NGJ5	GPCR
Olfactory receptor 51m1	Q9H341	GPCR
Olfactory receptor 52A4	A6NMU1	GPCR
Olfactory receptor 52B2	Q96RD2	GPCR
Olfactory receptor 52B4	Q8NGK2	GPCR
Olfactory receptor 52B6	Q8NGF0	GPCR
Olfactory receptor 52D1	Q9H346	GPCR
Olfactory receptor 52E1	Q8NGJ3	GPCR
Olfactory receptor 52E2	Q8NGJ4	GPCR
Olfactory receptor 52E4	Q8NGH9	GPCR
Olfactory receptor 52E5	Q8NH55	GPCR
Olfactory receptor 52E6	Q96RD3	GPCR
Olfactory receptor 52E8	Q6IFG1	GPCR
Olfactory receptor 52I2	Q8NH67	GPCR
Olfactory receptor 52J3	Q8NH60	GPCR
Olfactory receptor 52M1	Q8NGK5	GPCR
Olfactory receptor 52R1	Q8NGF1	GPCR
Olfactory receptor 52W1	Q6IF63	GPCR
Olfactory receptor 52a1	Q9UKL2	GPCR
Olfactory receptor 52a5	Q9H2C5	GPCR
Olfactory receptor 52h1	Q8NGJ2	GPCR
Olfactory receptor 52i1	Q8NGK6	GPCR
Olfactory receptor 52k1	Q8NGK4	GPCR
Olfactory receptor 52k2	Q8NGK3	GPCR
Olfactory receptor 52l1	Q8NGH7	GPCR
Olfactory receptor 52n1	Q8NH53	GPCR
Olfactory receptor 52n2	Q8NGI0	GPCR
Olfactory receptor 52n4	Q8NGI2	GPCR
Olfactory receptor 52n5	Q8NH56	GPCR
Olfactory receptor 52z1	P0C646	GPCR
Olfactory receptor 56A3	Q8NH54	GPCR
Olfactory receptor 56B1	Q8NGI3	GPCR
Olfactory receptor 56a1	Q8NGH5	GPCR
Olfactory receptor 56a4	Q8NGH8	GPCR
Olfactory receptor 56a5	P0C7T3	GPCR
Olfactory receptor 56b4	Q8NH76	GPCR
Olfactory receptor 5A1	Q8NGJ0	GPCR
Olfactory receptor 5AC2	Q9NZP5	GPCR
Olfactory receptor 5AN1	Q8NGI8	GPCR
Olfactory receptor 5AP2	Q8NGF4	GPCR
Olfactory receptor 5AR1	Q8NGP9	GPCR
Olfactory receptor 5B17	Q8NGF7	GPCR
Olfactory receptor 5B2	Q96R09	GPCR
Olfactory receptor 5B21	A6NL26	GPCR
Olfactory receptor 5C1	Q8NGR4	GPCR
Olfactory receptor 5F1	O95221	GPCR
Olfactory receptor 5G3	P0C626	GPCR
Olfactory receptor 5H1	A6NKK0	GPCR
Olfactory receptor 5H15	A6NDH6	GPCR
Olfactory receptor 5H6	Q8NGV6	GPCR
Olfactory receptor 5I1	Q13606	GPCR
Olfactory receptor 5J2	Q8NH18	GPCR
Olfactory receptor 5K1	Q8NHB7	GPCR
Olfactory receptor 5K3	A6NET4	GPCR
Olfactory receptor 5M1	Q8NGP8	GPCR
Olfactory receptor 5M11	Q96RB7	GPCR
Olfactory receptor 5M8	Q8NGP6	GPCR
Olfactory receptor 5M9	Q8NGP3	GPCR
Olfactory receptor 5P2	Q8WZ92	GPCR
Olfactory receptor 5P3	Q8WZ94	GPCR
Olfactory receptor 5T1	Q8NG75	GPCR
Olfactory receptor 5T3	Q8NGG3	GPCR
Olfactory receptor 5V1	Q9UGF6	GPCR
Olfactory receptor 5a2	Q8NGI9	GPCR
Olfactory receptor 5ac1	P0C628	GPCR
Olfactory receptor 5ak2	Q8NH90	GPCR
Olfactory receptor 5al1	P0C617	GPCR
Olfactory receptor 5as1	Q8N127	GPCR
Olfactory receptor 5au1	Q8NGC0	GPCR
Olfactory receptor 5b12	Q96R08	GPCR
Olfactory receptor 5b3	Q8NH48	GPCR
Olfactory receptor 5d13	Q8NGL4	GPCR
Olfactory receptor 5d14	Q8NGL3	GPCR
Olfactory receptor 5d16	Q8NGK9	GPCR
Olfactory receptor 5d18	Q8NGL1	GPCR
Olfactory receptor 5h14	A6NHG9	GPCR
Olfactory receptor 5h2	Q8NGV7	GPCR
Olfactory receptor 5k2	Q8NHB8	GPCR
Olfactory receptor 5k4	A6NMS3	GPCR
Olfactory receptor 5l1	Q8NGL2	GPCR
Olfactory receptor 5l2	Q8NGL0	GPCR
Olfactory receptor 5m10	Q6IEU7	GPCR
Olfactory receptor 5m3	Q8NGP4	GPCR
Olfactory receptor 5r1	Q8NH85	GPCR
Olfactory receptor 5t2	Q8NGG2	GPCR
Olfactory receptor 5w2	Q8NH69	GPCR
Olfactory receptor 6C74	A6NCV1	GPCR
Olfactory receptor 6C75	A6NL08	GPCR
Olfactory receptor 6J1	Q8NGC5	GPCR
Olfactory receptor 6K2	Q8NGY2	GPCR
Olfactory receptor 6K3	Q8NGY3	GPCR
Olfactory receptor 6M1	Q8NGM8	GPCR
Olfactory receptor 6N2	Q8NGY6	GPCR
Olfactory receptor 6Q1	Q8NGQ2	GPCR
Olfactory receptor 6S1	Q8NH40	GPCR
Olfactory receptor 6V1	Q8N148	GPCR
Olfactory receptor 6a2	O95222	GPCR
Olfactory receptor 6b1	O95007	GPCR
Olfactory receptor 6b2	Q6IFH4	GPCR
Olfactory receptor 6b3	Q8NGW1	GPCR
Olfactory receptor 6c1	Q96RD1	GPCR
Olfactory receptor 6c2	Q9NZP2	GPCR
Olfactory receptor 6c3	Q9NZP0	GPCR
Olfactory receptor 6c4	Q8NGE1	GPCR
Olfactory receptor 6c6	A6NF89	GPCR
Olfactory receptor 6c65	A6NJZ3	GPCR
Olfactory receptor 6c68	A6NDL8	GPCR
Olfactory receptor 6c70	A6NIJ9	GPCR
Olfactory receptor 6c76	A6NM76	GPCR
Olfactory receptor 6f1	Q8NGZ6	GPCR
Olfactory receptor 6k6	Q8NGW6	GPCR
Olfactory receptor 6n1	Q8NGY5	GPCR
Olfactory receptor 6p1	Q8NGX9	GPCR
Olfactory receptor 6t1	Q8NGN1	GPCR
Olfactory receptor 6x1	Q8NH79	GPCR
Olfactory receptor 6y1	Q8NGX8	GPCR
Olfactory receptor 7A10	O76100	GPCR
Olfactory receptor 7A5	Q15622	GPCR
Olfactory receptor 7E24	Q6IFN5	GPCR
Olfactory receptor 7G1	Q8NGA0	GPCR
Olfactory receptor 7G2	Q8NG99	GPCR
Olfactory receptor 7G3	Q8NG95	GPCR
Olfactory receptor 7a17	O14581	GPCR
Olfactory receptor 7c1	O76099	GPCR
Olfactory receptor 7c2	O60412	GPCR
Olfactory receptor 7d2	Q96RA2	GPCR
Olfactory receptor 7d4	Q8NG98	GPCR
Olfactory receptor 8A1	Q8NGG7	GPCR
Olfactory receptor 8B12	Q8NGG6	GPCR
Olfactory receptor 8B8	Q15620	GPCR
Olfactory receptor 8D1	Q8WZ84	GPCR
Olfactory receptor 8D2	Q9GZM6	GPCR
Olfactory receptor 8D4	Q8NGM9	GPCR
Olfactory receptor 8G1	Q15617	GPCR
Olfactory receptor 8G2	Q6IF36	GPCR
Olfactory receptor 8G5	Q8NG78	GPCR
Olfactory receptor 8I2	Q8N0Y5	GPCR
Olfactory receptor 8J3	Q8NGG0	GPCR
Olfactory receptor 8K1	Q8NGG5	GPCR
Olfactory receptor 8K3	Q8NH51	GPCR
Olfactory receptor 8K5	Q8NH50	GPCR
Olfactory receptor 8U9	P0C7N5	GPCR
Olfactory receptor 8b2	Q96RD0	GPCR
Olfactory receptor 8b3	Q8NGG8	GPCR
Olfactory receptor 8b4	Q96RC9	GPCR
Olfactory receptor 8h1	Q8NGG4	GPCR
Olfactory receptor 8h2	Q8N162	GPCR
Olfactory receptor 8h3	Q8N146	GPCR
Olfactory receptor 8j1	Q8NGP2	GPCR
Olfactory receptor 8j2	Q8NGG1	GPCR
Olfactory receptor 8s1	Q8NH09	GPCR
Olfactory receptor 8u1	Q8NH10	GPCR
Olfactory receptor 8u8	P0C7N1	GPCR
Olfactory receptor 9A2	Q8NGT5	GPCR
Olfactory receptor 9A4	Q8NGU2	GPCR
Olfactory receptor 9G4	Q8NGQ1	GPCR
Olfactory receptor 9I1	Q8NGQ6	GPCR
Olfactory receptor 9K2	Q8NGE7	GPCR
Olfactory receptor 9Q1	Q8NGQ5	GPCR
Olfactory receptor 9Q2	Q8NGE9	GPCR
Olfactory receptor 9g1	Q8NH87	GPCR
Olfactory receptor 9g9	P0C7N8	GPCR
Opsin-3	Q9H1Y3	GPCR
Opsin-5	Q6U736	GPCR
Orexin receptor type 1	O43613	GPCR
Orexin receptor type 2	O43614	GPCR
Ovarian cancer G-protein coupled receptor 1	Q15743	GPCR
Oxoeicosanoid receptor 1	Q8TDS5	GPCR
Oxysterols receptor lxr-alpha	Q13133	Nuclear hormone receptor
Oxysterols receptor lxr-beta	P55055	Nuclear hormone receptor
Oxytocin receptor	P30559	GPCR
P2X purinoceptor 1	P51575	Ion channel
P2X purinoceptor 4	Q99571	Ion channel
P2X purinoceptor 5	Q93086	Ion channel
P2X purinoceptor 6	O15547	Ion channel
P2X purinoceptor 7	Q99572	Ion channel
P2Y purinoceptor 11	Q96G91	GPCR
P2Y purinoceptor 13	Q9BPV8	GPCR
P2Y purinoceptor 4	P51582	GPCR
P2Y purinoceptor 8	Q86VZ1	GPCR
P2x purinoceptor 2	Q9UBL9	Ion channel
P2x purinoceptor 3	P56373	Ion channel
P2y purinoceptor 1	P47900	GPCR
P2y purinoceptor 12	Q9H244	GPCR
P2y purinoceptor 14	Q15391	GPCR
P2y purinoceptor 2	P41231	GPCR
P2y purinoceptor 6	Q15077	GPCR
Pab-dependent poly(a)-specific ribonuclease subunit pan3	Q58A45	Kinase
Pannexin-1	Q96RD7	Ion channel
Pannexin-2	Q96RD6	Ion channel
Pannexin-3	Q96QZ0	Ion channel
Pantothenate kinase 1	Q8TE04	Kinase
Pantothenate kinase 2, mitochondrial	Q9BZ23	Kinase
Pantothenate kinase 3	Q9H999	Kinase
Pantothenate kinase 4	Q9NVE7	Kinase
Parathyroid hormone 2 receptor	P49190	GPCR
Parathyroid hormone/parathyroid hormone-related peptide receptor	Q03431	GPCR
Pas domain-containing serine/threonine-protein kinase	Q96RG2	Kinase
Peripheral plasma membrane protein cask	O14936	Kinase
Peroxisome proliferator-activated receptor alpha	Q07869	Nuclear hormone receptor
Peroxisome proliferator-activated receptor delta	Q03181	Nuclear hormone receptor
Peroxisome proliferator-activated receptor gamma	P37231	Nuclear hormone receptor
Phosphatidylinositol 3-kinase catalytic subunit type 3	Q8NEB9	Kinase
Phosphatidylinositol 3-kinase regulatory subunit alpha	P27986	Kinase
Phosphatidylinositol 4,5-bisphosphate 3-kinase catalytic subunit alpha isoform	P42336	Kinase
Phosphatidylinositol 4,5-bisphosphate 3-kinase catalytic subunit beta isoform	P42338	Kinase
Phosphatidylinositol 4,5-bisphosphate 3-kinase catalytic subunit delta isoform	O00329	Kinase
Phosphatidylinositol 4,5-bisphosphate 3-kinase catalytic subunit gamma isoform	P48736	Kinase
Phosphatidylinositol 4-kinase alpha	P42356	Kinase
Phosphatidylinositol 4-kinase beta	Q9UBF8	Kinase
Phosphatidylinositol 4-kinase type 2-alpha	Q9BTU6	Kinase
Phosphatidylinositol 4-phosphate 3-kinase c2 domain-containing subunit alpha	O00443	Kinase
Phosphatidylinositol 4-phosphate 3-kinase c2 domain-containing subunit beta	O00750	Kinase
Phosphatidylinositol 4-phosphate 3-kinase c2 domain-containing subunit gamma	O75747	Kinase
Phosphatidylinositol 4-phosphate 5-kinase type-1 alpha	Q99755	Kinase
Phosphatidylinositol 4-phosphate 5-kinase type-1 beta	O14986	Kinase
Phosphatidylinositol 4-phosphate 5-kinase type-1 gamma	O60331	Kinase
Phosphatidylinositol 5-phosphate 4-kinase type-2 alpha	P48426	Kinase
Phosphatidylinositol 5-phosphate 4-kinase type-2 beta	P78356	Kinase
Phosphatidylinositol 5-phosphate 4-kinase type-2 gamma	Q8TBX8	Kinase
Phosphoenolpyruvate carboxykinase [gtp], mitochondrial	Q16822	Kinase
Phosphoenolpyruvate carboxykinase, cytosolic [GTP]	P35558	Kinase
Phosphoglycerate kinase 1	P00558	Kinase
Phosphoglycerate kinase 2	P07205	Kinase
Phosphoinositide 3-kinase regulatory subunit 4	Q99570	Kinase
Phospholemman	O00168	Ion channel
Phosphorylase b kinase gamma catalytic chain, liver/testis isoform	P15735	Kinase
Phosphorylase b kinase gamma catalytic chain, skeletal muscle/heart isoform	Q16816	Kinase
Phosphorylase b kinase regulatory subunit alpha, liver isoform	P46019	Kinase
Phosphorylase b kinase regulatory subunit alpha, skeletal muscle isoform	P46020	Kinase
Photoreceptor-specific nuclear receptor	Q9Y5X4	Nuclear hormone receptor
Piezo-type mechanosensitive ion channel component 1	Q92508	Ion channel
Piezo-type mechanosensitive ion channel component 2	Q9H5I5	Ion channel
Pituitary adenylate cyclase-activating polypeptide type I receptor	P41586	GPCR
Plasmolipin	Q9Y342	Ion channel
Platelet-activating factor receptor	P25105	GPCR
Platelet-derived growth factor receptor alpha	P16234	Kinase
Platelet-derived growth factor receptor beta	P09619	Kinase
Polycystic kidney disease 2-like 1 protein	Q9P0L9	Ion channel
Polycystic kidney disease 2-like 2 protein	Q9NZM6	Ion channel
Polycystic kidney disease and receptor for egg jelly-related protein	Q9NTG1	Ion channel
Polycystic kidney disease protein 1-like 1	Q8TDX9	Ion channel
Polycystic kidney disease protein 1-like 2	Q7Z442	Ion channel
Polycystic kidney disease protein 1-like 3	Q7Z443	Ion channel
Polycystin-2	Q13563	Ion channel
Potassium channel subfamily K member 1	O00180	Ion channel
Potassium channel subfamily K member 10	P57789	Ion channel
Potassium channel subfamily K member 12	Q9HB15	Ion channel
Potassium channel subfamily K member 16	Q96T55	Ion channel
Potassium channel subfamily K member 17	Q96T54	Ion channel
Potassium channel subfamily K member 18	Q7Z418	Ion channel
Potassium channel subfamily K member 2	O95069	Ion channel
Potassium channel subfamily K member 3	O14649	Ion channel
Potassium channel subfamily K member 4	Q9NYG8	Ion channel
Potassium channel subfamily K member 5	O95279	Ion channel
Potassium channel subfamily K member 9	Q9NPC2	Ion channel
Potassium channel subfamily U member 1	A8MYU2	Ion channel
Potassium channel subfamily k member 13	Q9HB14	Ion channel
Potassium channel subfamily k member 15	Q9H427	Ion channel
Potassium channel subfamily k member 6	Q9Y257	Ion channel
Potassium channel subfamily k member 7	Q9Y2U2	Ion channel
Potassium channel subfamily t member 1	Q5JUK3	Ion channel
Potassium channel subfamily t member 2	Q6UVM3	Ion channel
Potassium voltage-gated channel subfamily A member 1	Q09470	Ion channel
Potassium voltage-gated channel subfamily A member 2	P16389	Ion channel
Potassium voltage-gated channel subfamily A member 3	P22001	Ion channel
Potassium voltage-gated channel subfamily A member 6	P17658	Ion channel
Potassium voltage-gated channel subfamily A member 7	Q96RP8	Ion channel
Potassium voltage-gated channel subfamily B member 2	Q92953	Ion channel
Potassium voltage-gated channel subfamily D member 1	Q9NSA2	Ion channel
Potassium voltage-gated channel subfamily D member 3	Q9UK17	Ion channel
Potassium voltage-gated channel subfamily E member 1	P15382	Ion channel
Potassium voltage-gated channel subfamily E member 4	Q8WWG9	Ion channel
Potassium voltage-gated channel subfamily G member 1	Q9UIX4	Ion channel
Potassium voltage-gated channel subfamily G member 3	Q8TAE7	Ion channel
Potassium voltage-gated channel subfamily G member 4	Q8TDN1	Ion channel
Potassium voltage-gated channel subfamily H member 1	O95259	Ion channel
Potassium voltage-gated channel subfamily H member 2	Q12809	Ion channel
Potassium voltage-gated channel subfamily H member 3	Q9ULD8	Ion channel
Potassium voltage-gated channel subfamily H member 4	Q9UQ05	Ion channel
Potassium voltage-gated channel subfamily H member 6	Q9H252	Ion channel
Potassium voltage-gated channel subfamily H member 7	Q9NS40	Ion channel
Potassium voltage-gated channel subfamily H member 8	Q96L42	Ion channel
Potassium voltage-gated channel subfamily KQT member 2	O43526	Ion channel
Potassium voltage-gated channel subfamily KQT member 3	O43525	Ion channel
Potassium voltage-gated channel subfamily KQT member 4	P56696	Ion channel
Potassium voltage-gated channel subfamily S member 1	Q96KK3	Ion channel
Potassium voltage-gated channel subfamily V member 2	Q8TDN2	Ion channel
Potassium voltage-gated channel subfamily a member 10	Q16322	Ion channel
Potassium voltage-gated channel subfamily a member 4	P22459	Ion channel
Potassium voltage-gated channel subfamily a member 5	P22460	Ion channel
Potassium voltage-gated channel subfamily b member 1	Q14721	Ion channel
Potassium voltage-gated channel subfamily c member 1	P48547	Ion channel
Potassium voltage-gated channel subfamily c member 2	Q96PR1	Ion channel
Potassium voltage-gated channel subfamily c member 3	Q14003	Ion channel
Potassium voltage-gated channel subfamily c member 4	Q03721	Ion channel
Potassium voltage-gated channel subfamily d member 2	Q9NZV8	Ion channel
Potassium voltage-gated channel subfamily e member 2	Q9Y6J6	Ion channel
Potassium voltage-gated channel subfamily e member 3	Q9Y6H6	Ion channel
Potassium voltage-gated channel subfamily f member 1	Q9H3M0	Ion channel
Potassium voltage-gated channel subfamily g member 2	Q9UJ96	Ion channel
Potassium voltage-gated channel subfamily h member 5	Q8NCM2	Ion channel
Potassium voltage-gated channel subfamily kqt member 1	P51787	Ion channel
Potassium voltage-gated channel subfamily kqt member 5	Q9NR82	Ion channel
Potassium voltage-gated channel subfamily s member 2	Q9ULS6	Ion channel
Potassium voltage-gated channel subfamily s member 3	Q9BQ31	Ion channel
Potassium voltage-gated channel subfamily v member 1	Q6PIU1	Ion channel
Potassium/sodium hyperpolarization-activated cyclic nucleotide-gated channel 1	O60741	Ion channel
Potassium/sodium hyperpolarization-activated cyclic nucleotide-gated channel 2	Q9UL51	Ion channel
Potassium/sodium hyperpolarization-activated cyclic nucleotide-gated channel 3	Q9P1Z3	Ion channel
Potassium/sodium hyperpolarization-activated cyclic nucleotide-gated channel 4	Q9Y3Q4	Ion channel
Probable G-protein coupled receptor 101	Q96P66	GPCR
Probable G-protein coupled receptor 139	Q6DWJ6	GPCR
Probable G-protein coupled receptor 142	Q7Z601	GPCR
Probable G-protein coupled receptor 148	Q8TDV2	GPCR
Probable G-protein coupled receptor 151	Q8TDV0	GPCR
Probable G-protein coupled receptor 156	Q8NFN8	GPCR
Probable G-protein coupled receptor 160	Q9UJ42	GPCR
Probable G-protein coupled receptor 174	Q9BXC1	GPCR
Probable G-protein coupled receptor 179	Q6PRD1	GPCR
Probable G-protein coupled receptor 32	O75388	GPCR
Probable G-protein coupled receptor 33	Q49SQ1	GPCR
Probable G-protein coupled receptor 34	Q9UPC5	GPCR
Probable G-protein coupled receptor 45	Q9Y5Y3	GPCR
Probable G-protein coupled receptor 52	Q9Y2T5	GPCR
Probable G-protein coupled receptor 61	Q9BZJ8	GPCR
Probable G-protein coupled receptor 63	Q9BZJ6	GPCR
Probable G-protein coupled receptor 75	O95800	GPCR
Probable g-protein coupled receptor 132	Q9UNW8	GPCR
Probable g-protein coupled receptor 135	Q8IZ08	GPCR
Probable g-protein coupled receptor 141	Q7Z602	GPCR
Probable g-protein coupled receptor 146	Q96CH1	GPCR
Probable g-protein coupled receptor 149	Q86SP6	GPCR
Probable g-protein coupled receptor 150	Q8NGU9	GPCR
Probable g-protein coupled receptor 152	Q8TDT2	GPCR
Probable g-protein coupled receptor 153	Q6NV75	GPCR
Probable g-protein coupled receptor 157	Q5UAW9	GPCR
Probable g-protein coupled receptor 158	Q5T848	GPCR
Probable g-protein coupled receptor 162	Q16538	GPCR
Probable g-protein coupled receptor 171	O14626	GPCR
Probable g-protein coupled receptor 173	Q9NS66	GPCR
Probable g-protein coupled receptor 176	Q14439	GPCR
Probable g-protein coupled receptor 19	Q15760	GPCR
Probable g-protein coupled receptor 21	Q99679	GPCR
Probable g-protein coupled receptor 22	Q99680	GPCR
Probable g-protein coupled receptor 25	O00155	GPCR
Probable g-protein coupled receptor 27	Q9NS67	GPCR
Probable g-protein coupled receptor 62	Q9BZJ7	GPCR
Probable g-protein coupled receptor 82	Q96P67	GPCR
Probable g-protein coupled receptor 83	Q9NYM4	GPCR
Probable g-protein coupled receptor 85	P60893	GPCR
Probable g-protein coupled receptor 88	Q9GZN0	GPCR
Probable gluconokinase	Q5T6J7	Kinase
Progesterone receptor	P06401	Nuclear hormone receptor
Prokineticin receptor 1	Q8TCW9	GPCR
Prokineticin receptor 2	Q8NFJ6	GPCR
Prolactin-releasing peptide receptor	P49683	GPCR
Prosaposin receptor GPR37L1	O60883	GPCR
Prosaposin receptor gpr37	O15354	GPCR
Prostacyclin receptor	P43119	GPCR
Prostaglandin D2 receptor	Q13258	GPCR
Prostaglandin E2 receptor EP2 subtype	P43116	GPCR
Prostaglandin E2 receptor EP3 subtype	P43115	GPCR
Prostaglandin E2 receptor EP4 subtype	P35408	GPCR
Prostaglandin F2-alpha receptor	P43088	GPCR
Prostaglandin d2 receptor 2	Q9Y5Y4	GPCR
Prostaglandin e2 receptor ep1 subtype	P34995	GPCR
Protein FAM26D	Q5JW98	Ion channel
Protein FAM26E	Q8N5C1	Ion channel
Protein FAM26F	Q5R3K3	Ion channel
Protein gpr107	Q5VW38	GPCR
Protein kinase c alpha type	P17252	Kinase
Protein kinase c beta type	P05771	Kinase
Protein kinase c delta type	Q05655	Kinase
Protein kinase c epsilon type	Q02156	Kinase
Protein kinase c eta type	P24723	Kinase
Protein kinase c gamma type	P05129	Kinase
Protein kinase c iota type	P41743	Kinase
Protein kinase c theta type	Q04759	Kinase
Protein kinase c zeta type	Q05513	Kinase
Protein o-mannose kinase	Q9H5K3	Kinase
Protein tweety homolog 1	Q9H313	Ion channel
Protein tweety homolog 2	Q9BSA4	Ion channel
Protein tweety homolog 3	Q9C0H2	Ion channel
Protein-associating with the carboxyl-terminal domain of ezrin	Q8IZE3	Kinase
Protein-tyrosine kinase 2-beta	Q14289	Kinase
Protein-tyrosine kinase 6	Q13882	Kinase
Proteinase-activated receptor 1	P25116	GPCR
Proteinase-activated receptor 2	P55085	GPCR
Proteinase-activated receptor 3	O00254	GPCR
Proteinase-activated receptor 4	Q96RI0	GPCR
Proto-oncogene Mas	P04201	GPCR
Proto-oncogene serine/threonine-protein kinase mos	P00540	Kinase
Proto-oncogene tyrosine-protein kinase receptor ret	P07949	Kinase
Proto-oncogene tyrosine-protein kinase ros	P08922	Kinase
Proto-oncogene tyrosine-protein kinase src	P12931	Kinase
Pseudopodium-enriched atypical kinase 1	Q9H792	Kinase
Psychosine receptor	Q8IYL9	GPCR
Putative 3-phosphoinositide-dependent protein kinase 2	Q6A1A2	Kinase
Putative G-protein coupled receptor GPR32P1	Q8NGA4	GPCR
Putative P2Y purinoceptor 10	O00398	GPCR
Putative adhesion G protein-coupled receptor E4P	Q86SQ3	GPCR
Putative fxyd domain-containing ion transport regulator 8	P58550	Ion channel
Putative glycerol kinase 5	Q6ZS86	Kinase
Putative gonadotropin-releasing hormone ii receptor	Q96P88	GPCR
Putative hexokinase HKDC1	Q2TB90	Kinase
Putative neuropeptide Y receptor type 6	Q99463	GPCR
Putative nucleoside diphosphate kinase	O60361	Kinase
Putative olfactory receptor 10J6	Q8NGY7	GPCR
Putative olfactory receptor 10d3	Q8NH80	GPCR
Putative olfactory receptor 10d4	Q8NGN7	GPCR
Putative olfactory receptor 13c6	Q8NH95	GPCR
Putative olfactory receptor 14l1	Q8NHC6	GPCR
Putative olfactory receptor 1f2	Q96R84	GPCR
Putative olfactory receptor 2B3	O76000	GPCR
Putative olfactory receptor 2B8	P59922	GPCR
Putative olfactory receptor 2I1	Q8NGU4	GPCR
Putative olfactory receptor 2w5	A6NFC9	GPCR
Putative olfactory receptor 2w6	Q8NHA6	GPCR
Putative olfactory receptor 3a4	P47883	GPCR
Putative olfactory receptor 4A4	Q8NGN8	GPCR
Putative olfactory receptor 52l2	Q8NGH6	GPCR
Putative olfactory receptor 52p1	Q8NH57	GPCR
Putative olfactory receptor 56b2	Q8NGI1	GPCR
Putative olfactory receptor 5AK3	Q8NH89	GPCR
Putative olfactory receptor 7a2	Q8NGA2	GPCR
Putative olfactory receptor 9A1	Q8NGU1	GPCR
Putative serine/threonine-protein kinase prky	O43930	Kinase
Putative trace amine-associated receptor 3	Q9P1P4	GPCR
Putative vomeronasal receptor-like protein 4	Q8TDU5	GPCR
Px domain-containing protein kinase-like protein	Q7Z7A4	Kinase
Pyridoxal kinase	O00764	Kinase
Pyroglutamylated RFamide peptide receptor	Q96P65	GPCR
Pyruvate kinase PKLR	P30613	Kinase
Pyruvate kinase pkm	P14618	Kinase
RPE-retinal G protein-coupled receptor	P47804	GPCR
Rac-alpha serine/threonine-protein kinase	P31749	Kinase
Rac-beta serine/threonine-protein kinase	P31751	Kinase
Rac-gamma serine/threonine-protein kinase	Q9Y243	Kinase
Raf proto-oncogene serine/threonine-protein kinase	P04049	Kinase
Receptor tyrosine-protein kinase erbb-2	P04626	Kinase
Receptor tyrosine-protein kinase erbb-3	P21860	Kinase
Receptor tyrosine-protein kinase erbb-4	Q15303	Kinase
Receptor-interacting serine/threonine-protein kinase 1	Q13546	Kinase
Receptor-interacting serine/threonine-protein kinase 2	O43353	Kinase
Receptor-interacting serine/threonine-protein kinase 3	Q9Y572	Kinase
Receptor-interacting serine/threonine-protein kinase 4	P57078	Kinase
Receptor-type tyrosine-protein kinase flt3	P36888	Kinase
Relaxin receptor 1	Q9HBX9	GPCR
Relaxin receptor 2	Q8WXD0	GPCR
Relaxin-3 receptor 1	Q9NSD7	GPCR
Relaxin-3 receptor 2	Q8TDU9	GPCR
Retinal guanylyl cyclase 1	Q02846	Kinase
Retinal guanylyl cyclase 2	P51841	Kinase
Retinoic acid receptor alpha	P10276	Nuclear hormone receptor
Retinoic acid receptor beta	P10826	Nuclear hormone receptor
Retinoic acid receptor gamma	P13631	Nuclear hormone receptor
Retinoic acid receptor rxr-alpha	P19793	Nuclear hormone receptor
Retinoic acid receptor rxr-beta	P28702	Nuclear hormone receptor
Retinoic acid receptor rxr-gamma	P48443	Nuclear hormone receptor
Retinoic acid-induced protein 3	Q8NFJ5	GPCR
Rho-associated protein kinase 1	Q13464	Kinase
Rho-associated protein kinase 2	O75116	Kinase
Rhodopsin	P08100	GPCR
Rhodopsin kinase	Q15835	Kinase
Ribokinase	Q9H477	Kinase
Ribose-phosphate pyrophosphokinase 1	P60891	Kinase
Ribose-phosphate pyrophosphokinase 2	P11908	Kinase
Ribose-phosphate pyrophosphokinase 3	P21108	Kinase
Ribosomal protein s6 kinase alpha-1	Q15418	Kinase
Ribosomal protein s6 kinase alpha-2	Q15349	Kinase
Ribosomal protein s6 kinase alpha-3	P51812	Kinase
Ribosomal protein s6 kinase alpha-4	O75676	Kinase
Ribosomal protein s6 kinase alpha-5	O75582	Kinase
Ribosomal protein s6 kinase alpha-6	Q9UK32	Kinase
Ribosomal protein s6 kinase beta-1	P23443	Kinase
Ribosomal protein s6 kinase beta-2	Q9UBS0	Kinase
Ribosomal protein s6 kinase delta-1	Q96S38	Kinase
Ribosomal protein s6 kinase-like 1	Q9Y6S9	Kinase
Ryanodine receptor 1	P21817	Ion channel
Ryanodine receptor 2	Q92736	Ion channel
Ryanodine receptor 3	Q15413	Ion channel
Scy1-like protein 2	Q6P3W7	Kinase
Secretin receptor	P47872	GPCR
Sedoheptulokinase	Q9UHJ6	Kinase
Serine-protein kinase atm	Q13315	Kinase
Serine/threonine kinase-like domain-containing protein stkld1	Q8NE28	Kinase
Serine/threonine-protein kinase 10	O94804	Kinase
Serine/threonine-protein kinase 16	O75716	Kinase
Serine/threonine-protein kinase 17a	Q9UEE5	Kinase
Serine/threonine-protein kinase 17b	O94768	Kinase
Serine/threonine-protein kinase 24	Q9Y6E0	Kinase
Serine/threonine-protein kinase 25	O00506	Kinase
Serine/threonine-protein kinase 26	Q9P289	Kinase
Serine/threonine-protein kinase 3	Q13188	Kinase
Serine/threonine-protein kinase 31	Q9BXU1	Kinase
Serine/threonine-protein kinase 32a	Q8WU08	Kinase
Serine/threonine-protein kinase 32b	Q9NY57	Kinase
Serine/threonine-protein kinase 32c	Q86UX6	Kinase
Serine/threonine-protein kinase 33	Q9BYT3	Kinase
Serine/threonine-protein kinase 35	Q8TDR2	Kinase
Serine/threonine-protein kinase 36	Q9NRP7	Kinase
Serine/threonine-protein kinase 38	Q15208	Kinase
Serine/threonine-protein kinase 38-like	Q9Y2H1	Kinase
Serine/threonine-protein kinase 4	Q13043	Kinase
Serine/threonine-protein kinase 40	Q8N2I9	Kinase
Serine/threonine-protein kinase a-raf	P10398	Kinase
Serine/threonine-protein kinase atr	Q13535	Kinase
Serine/threonine-protein kinase b-raf	P15056	Kinase
Serine/threonine-protein kinase brsk1	Q8TDC3	Kinase
Serine/threonine-protein kinase brsk2	Q8IWQ3	Kinase
Serine/threonine-protein kinase chk1	O14757	Kinase
Serine/threonine-protein kinase chk2	O96017	Kinase
Serine/threonine-protein kinase d1	Q15139	Kinase
Serine/threonine-protein kinase d2	Q9BZL6	Kinase
Serine/threonine-protein kinase d3	O94806	Kinase
Serine/threonine-protein kinase dclk1	O15075	Kinase
Serine/threonine-protein kinase dclk2	Q8N568	Kinase
Serine/threonine-protein kinase dclk3	Q9C098	Kinase
Serine/threonine-protein kinase greatwall	Q96GX5	Kinase
Serine/threonine-protein kinase h1	P11801	Kinase
Serine/threonine-protein kinase h2	Q96QS6	Kinase
Serine/threonine-protein kinase haspin	Q8TF76	Kinase
Serine/threonine-protein kinase ick	Q9UPZ9	Kinase
Serine/threonine-protein kinase kist	Q8TAS1	Kinase
Serine/threonine-protein kinase lats1	O95835	Kinase
Serine/threonine-protein kinase lats2	Q9NRM7	Kinase
Serine/threonine-protein kinase lmtk1	Q6ZMQ8	Kinase
Serine/threonine-protein kinase lmtk2	Q8IWU2	Kinase
Serine/threonine-protein kinase lmtk3	Q96Q04	Kinase
Serine/threonine-protein kinase mak	P20794	Kinase
Serine/threonine-protein kinase mark1	Q9P0L2	Kinase
Serine/threonine-protein kinase mark2	Q7KZI7	Kinase
Serine/threonine-protein kinase mrck alpha	Q5VT25	Kinase
Serine/threonine-protein kinase mrck beta	Q9Y5S2	Kinase
Serine/threonine-protein kinase mrck gamma	Q6DT37	Kinase
Serine/threonine-protein kinase mtor	P42345	Kinase
Serine/threonine-protein kinase n1	Q16512	Kinase
Serine/threonine-protein kinase n2	Q16513	Kinase
Serine/threonine-protein kinase n3	Q6P5Z2	Kinase
Serine/threonine-protein kinase nek1	Q96PY6	Kinase
Serine/threonine-protein kinase nek10	Q6ZWH5	Kinase
Serine/threonine-protein kinase nek11	Q8NG66	Kinase
Serine/threonine-protein kinase nek2	P51955	Kinase
Serine/threonine-protein kinase nek3	P51956	Kinase
Serine/threonine-protein kinase nek4	P51957	Kinase
Serine/threonine-protein kinase nek5	Q6P3R8	Kinase
Serine/threonine-protein kinase nek6	Q9HC98	Kinase
Serine/threonine-protein kinase nek7	Q8TDX7	Kinase
Serine/threonine-protein kinase nek8	Q86SG6	Kinase
Serine/threonine-protein kinase nek9	Q8TD19	Kinase
Serine/threonine-protein kinase nim1	Q8IY84	Kinase
Serine/threonine-protein kinase nlk	Q9UBE8	Kinase
Serine/threonine-protein kinase osr1	O95747	Kinase
Serine/threonine-protein kinase pak 1	Q13153	Kinase
Serine/threonine-protein kinase pak 2	Q13177	Kinase
Serine/threonine-protein kinase pak 3	O75914	Kinase
Serine/threonine-protein kinase pak 4	O96013	Kinase
Serine/threonine-protein kinase pak 6	Q9NQU5	Kinase
Serine/threonine-protein kinase pak 7	Q9P286	Kinase
Serine/threonine-protein kinase pdik1l	Q8N165	Kinase
Serine/threonine-protein kinase pim-1	P11309	Kinase
Serine/threonine-protein kinase pim-2	Q9P1W9	Kinase
Serine/threonine-protein kinase pim-3	Q86V86	Kinase
Serine/threonine-protein kinase pink1, mitochondrial	Q9BXM7	Kinase
Serine/threonine-protein kinase plk1	P53350	Kinase
Serine/threonine-protein kinase plk2	Q9NYY3	Kinase
Serine/threonine-protein kinase plk3	Q9H4B4	Kinase
Serine/threonine-protein kinase plk4	O00444	Kinase
Serine/threonine-protein kinase prp4 homolog	Q13523	Kinase
Serine/threonine-protein kinase receptor r3	P37023	Kinase
Serine/threonine-protein kinase rio1	Q9BRS2	Kinase
Serine/threonine-protein kinase rio2	Q9BVS4	Kinase
Serine/threonine-protein kinase rio3	O14730	Kinase
Serine/threonine-protein kinase sbk1	Q52WX2	Kinase
Serine/threonine-protein kinase sbk2	P0C263	Kinase
Serine/threonine-protein kinase sgk1	O00141	Kinase
Serine/threonine-protein kinase sgk2	Q9HBY8	Kinase
Serine/threonine-protein kinase sgk3	Q96BR1	Kinase
Serine/threonine-protein kinase sik1	P57059	Kinase
Serine/threonine-protein kinase sik2	Q9H0K1	Kinase
Serine/threonine-protein kinase sik3	Q9Y2K2	Kinase
Serine/threonine-protein kinase smg1	Q96Q15	Kinase
Serine/threonine-protein kinase stk11	Q15831	Kinase
Serine/threonine-protein kinase tao1	Q7L7X3	Kinase
Serine/threonine-protein kinase tao2	Q9UL54	Kinase
Serine/threonine-protein kinase tao3	Q9H2K8	Kinase
Serine/threonine-protein kinase tbk1	Q9UHD2	Kinase
Serine/threonine-protein kinase tnni3k	Q59H18	Kinase
Serine/threonine-protein kinase tousled-like 1	Q9UKI8	Kinase
Serine/threonine-protein kinase tousled-like 2	Q86UE8	Kinase
Serine/threonine-protein kinase ulk1	O75385	Kinase
Serine/threonine-protein kinase ulk2	Q8IYT8	Kinase
Serine/threonine-protein kinase ulk3	Q6PHR2	Kinase
Serine/threonine-protein kinase ulk4	Q96C45	Kinase
Serine/threonine-protein kinase vrk1	Q99986	Kinase
Serine/threonine-protein kinase vrk2	Q86Y07	Kinase
Serine/threonine-protein kinase wnk1	Q9H4A3	Kinase
Serine/threonine-protein kinase wnk2	Q9Y3S1	Kinase
Serine/threonine-protein kinase wnk3	Q9BYP7	Kinase
Serine/threonine-protein kinase wnk4	Q96J92	Kinase
Serine/threonine-protein kinase/endoribonuclease ire1	O75460	Kinase
Serine/threonine-protein kinase/endoribonuclease ire2	Q76MJ5	Kinase
Short transient receptor potential channel 1	P48995	Ion channel
Short transient receptor potential channel 3	Q13507	Ion channel
Short transient receptor potential channel 4	Q9UBN4	Ion channel
Short transient receptor potential channel 5	Q9UL62	Ion channel
Short transient receptor potential channel 6	Q9Y210	Ion channel
Short transient receptor potential channel 7	Q9HCX4	Ion channel
Short-wave-sensitive opsin 1	P03999	GPCR
Small conductance calcium-activated potassium channel protein 1	Q92952	Ion channel
Small conductance calcium-activated potassium channel protein 2	Q9H2S1	Ion channel
Small conductance calcium-activated potassium channel protein 3	Q9UGI6	Ion channel
Smoothened homolog	Q99835	GPCR
Snf-related serine/threonine-protein kinase	Q9NRH2	Kinase
Sodium channel protein type 1 subunit alpha	P35498	Ion channel
Sodium channel protein type 10 subunit alpha	Q9Y5Y9	Ion channel
Sodium channel protein type 11 subunit alpha	Q9UI33	Ion channel
Sodium channel protein type 2 subunit alpha	Q99250	Ion channel
Sodium channel protein type 3 subunit alpha	Q9NY46	Ion channel
Sodium channel protein type 4 subunit alpha	P35499	Ion channel
Sodium channel protein type 5 subunit alpha	Q14524	Ion channel
Sodium channel protein type 7 subunit alpha	Q01118	Ion channel
Sodium channel protein type 8 subunit alpha	Q9UQD0	Ion channel
Sodium channel protein type 9 subunit alpha	Q15858	Ion channel
Sodium channel subunit beta-1	Q07699	Ion channel
Sodium channel subunit beta-2	O60939	Ion channel
Sodium channel subunit beta-3	Q9NY72	Ion channel
Sodium channel subunit beta-4	Q8IWT1	Ion channel
Sodium leak channel non-selective protein	Q8IZF0	Ion channel
Solute carrier family 26 member 6	Q9BXS9	Ion channel
Somatostatin receptor type 1	P30872	GPCR
Somatostatin receptor type 2	P30874	GPCR
Somatostatin receptor type 3	P32745	GPCR
Somatostatin receptor type 4	P31391	GPCR
Somatostatin receptor type 5	P35346	GPCR
Sphingosine 1-phosphate receptor 1	P21453	GPCR
Sphingosine 1-phosphate receptor 2	O95136	GPCR
Sphingosine 1-phosphate receptor 3	Q99500	GPCR
Sphingosine 1-phosphate receptor 4	O95977	GPCR
Sphingosine 1-phosphate receptor 5	Q9H228	GPCR
Sphingosine kinase 1	Q9NYA1	Kinase
Sphingosine kinase 2	Q9NRA0	Kinase
Srsf protein kinase 1	Q96SB4	Kinase
Srsf protein kinase 2	P78362	Kinase
Srsf protein kinase 3	Q9UPE1	Kinase
Ste20-like serine/threonine-protein kinase	Q9H2G2	Kinase
Ste20-related kinase adapter protein alpha	Q7RTN6	Kinase
Ste20-related kinase adapter protein beta	Q9C0K7	Kinase
Ste20/sps1-related proline-alanine-rich protein kinase	Q9UEW8	Kinase
Steroid hormone receptor err1	P11474	Nuclear hormone receptor
Steroid hormone receptor err2	O95718	Nuclear hormone receptor
Steroidogenic factor 1	Q13285	Nuclear hormone receptor
Striated muscle preferentially expressed protein kinase	Q15772	Kinase
Substance-P receptor	P25103	GPCR
Substance-k receptor	P21452	GPCR
Succinate receptor 1	Q9BXA5	GPCR
Sulfate anion transporter 1	Q9H2B4	Ion channel
TBC domain-containing protein kinase-like protein	Q8TEA7	Kinase
Taste receptor type 1 member 1	Q7RTX1	GPCR
Taste receptor type 1 member 2	Q8TE23	GPCR
Taste receptor type 1 member 3	Q7RTX0	GPCR
Taste receptor type 2 member 1	Q9NYW7	GPCR
Taste receptor type 2 member 10	Q9NYW0	GPCR
Taste receptor type 2 member 13	Q9NYV9	GPCR
Taste receptor type 2 member 14	Q9NYV8	GPCR
Taste receptor type 2 member 16	Q9NYV7	GPCR
Taste receptor type 2 member 19	P59542	GPCR
Taste receptor type 2 member 20	P59543	GPCR
Taste receptor type 2 member 3	Q9NYW6	GPCR
Taste receptor type 2 member 30	P59541	GPCR
Taste receptor type 2 member 31	P59538	GPCR
Taste receptor type 2 member 38	P59533	GPCR
Taste receptor type 2 member 39	P59534	GPCR
Taste receptor type 2 member 4	Q9NYW5	GPCR
Taste receptor type 2 member 40	P59535	GPCR
Taste receptor type 2 member 41	P59536	GPCR
Taste receptor type 2 member 42	Q7RTR8	GPCR
Taste receptor type 2 member 43	P59537	GPCR
Taste receptor type 2 member 46	P59540	GPCR
Taste receptor type 2 member 5	Q9NYW4	GPCR
Taste receptor type 2 member 50	P59544	GPCR
Taste receptor type 2 member 60	P59551	GPCR
Taste receptor type 2 member 7	Q9NYW3	GPCR
Taste receptor type 2 member 8	Q9NYW2	GPCR
Taste receptor type 2 member 9	Q9NYW1	GPCR
Tau-tubulin kinase 1	Q5TCY1	Kinase
Tau-tubulin kinase 2	Q6IQ55	Kinase
Testis-specific serine/threonine-protein kinase 1	Q9BXA7	Kinase
Testis-specific serine/threonine-protein kinase 2	Q96PF2	Kinase
Testis-specific serine/threonine-protein kinase 3	Q96PN8	Kinase
Testis-specific serine/threonine-protein kinase 4	Q6SA08	Kinase
Testis-specific serine/threonine-protein kinase 6	Q9BXA6	Kinase
Tgf-beta receptor type-1	P36897	Kinase
Tgf-beta receptor type-2	P37173	Kinase
Tgf-beta-activated kinase 1 and map3k7-binding protein 1	Q15750	Kinase
Thiamin pyrophosphokinase 1	Q9H3S4	Kinase
Thromboxane A2 receptor	P21731	GPCR
Thymidine kinase 2, mitochondrial	O00142	Kinase
Thymidine kinase, cytosolic	P04183	Kinase
Thymidylate kinase	P23919	Kinase
Thyroid hormone receptor alpha	P10827	Nuclear hormone receptor
Thyroid hormone receptor beta	P10828	Nuclear hormone receptor
Thyrotropin receptor	P16473	GPCR
Thyrotropin-releasing hormone receptor	P34981	GPCR
Titin	Q8WZ42	Kinase
Tp53-regulating kinase	Q96S44	Kinase
Trace amine-associated receptor 1	Q96RJ0	GPCR
Trace amine-associated receptor 2	Q9P1P5	GPCR
Trace amine-associated receptor 5	O14804	GPCR
Trace amine-associated receptor 6	Q96RI8	GPCR
Trace amine-associated receptor 8	Q969N4	GPCR
Trace amine-associated receptor 9	Q96RI9	GPCR
Traf2 and nck-interacting protein kinase	Q9UKE5	Kinase
Transcription initiation factor tfiid subunit 1	P21675	Kinase
Transient receptor potential cation channel subfamily M member 3	Q9HCF6	Ion channel
Transient receptor potential cation channel subfamily M member 4	Q8TD43	Ion channel
Transient receptor potential cation channel subfamily M member 5	Q9NZQ8	Ion channel
Transient receptor potential cation channel subfamily M member 7	Q96QT4	Ion channel
Transient receptor potential cation channel subfamily M member 8	Q7Z2W7	Ion channel
Transient receptor potential cation channel subfamily V member 1	Q8NER1	Ion channel
Transient receptor potential cation channel subfamily V member 3	Q8NET8	Ion channel
Transient receptor potential cation channel subfamily V member 4	Q9HBA0	Ion channel
Transient receptor potential cation channel subfamily V member 5	Q9NQA5	Ion channel
Transient receptor potential cation channel subfamily V member 6	Q9H1D0	Ion channel
Transient receptor potential cation channel subfamily a member 1	O75762	Ion channel
Transient receptor potential cation channel subfamily m member 1	Q7Z4N2	Ion channel
Transient receptor potential cation channel subfamily m member 2	O94759	Ion channel
Transient receptor potential cation channel subfamily m member 6	Q9BX84	Kinase
Transient receptor potential cation channel subfamily v member 2	Q9Y5S1	Ion channel
Transmembrane channel-like protein 1	Q8TDI8	Ion channel
Transmembrane channel-like protein 2	Q8TDI7	Ion channel
Transmembrane channel-like protein 3	Q7Z5M5	Ion channel
Transmembrane channel-like protein 4	Q7Z404	Ion channel
Transmembrane channel-like protein 5	Q6UXY8	Ion channel
Transmembrane channel-like protein 6	Q7Z403	Ion channel
Transmembrane channel-like protein 7	Q7Z402	Ion channel
Transmembrane channel-like protein 8	Q8IU68	Ion channel
Transmembrane protein adipocyte-associated 1	Q86W33	GPCR
Tribbles homolog 1	Q96RU8	Kinase
Tribbles homolog 2	Q92519	Kinase
Tribbles homolog 3	Q96RU7	Kinase
Trimeric intracellular cation channel type B	Q9NVV0	Ion channel
Trimeric intracellular cation channel type a	Q9H6F2	Ion channel
Triple functional domain protein	O75962	Kinase
Two pore calcium channel protein 1	Q9ULQ1	Ion channel
Two pore calcium channel protein 2	Q8NHX9	Ion channel
Type-1 angiotensin II receptor	P30556	GPCR
Type-2 angiotensin II receptor	P50052	GPCR
Tyrosine-protein kinase abl1	P00519	Kinase
Tyrosine-protein kinase blk	P51451	Kinase
Tyrosine-protein kinase btk	Q06187	Kinase
Tyrosine-protein kinase csk	P41240	Kinase
Tyrosine-protein kinase fer	P16591	Kinase
Tyrosine-protein kinase fes/fps	P07332	Kinase
Tyrosine-protein kinase fgr	P09769	Kinase
Tyrosine-protein kinase frk	P42685	Kinase
Tyrosine-protein kinase fyn	P06241	Kinase
Tyrosine-protein kinase hck	P08631	Kinase
Tyrosine-protein kinase itk/tsk	Q08881	Kinase
Tyrosine-protein kinase jak1	P23458	Kinase
Tyrosine-protein kinase jak2	O60674	Kinase
Tyrosine-protein kinase jak3	P52333	Kinase
Tyrosine-protein kinase lck	P06239	Kinase
Tyrosine-protein kinase lyn	P07948	Kinase
Tyrosine-protein kinase mer	Q12866	Kinase
Tyrosine-protein kinase receptor tie-1	P35590	Kinase
Tyrosine-protein kinase receptor tyro3	Q06418	Kinase
Tyrosine-protein kinase receptor ufo	P30530	Kinase
Tyrosine-protein kinase ryk	P34925	Kinase
Tyrosine-protein kinase sgk223	Q86YV5	Kinase
Tyrosine-protein kinase srms	Q9H3Y6	Kinase
Tyrosine-protein kinase styk1	Q6J9G0	Kinase
Tyrosine-protein kinase syk	P43405	Kinase
Tyrosine-protein kinase tec	P42680	Kinase
Tyrosine-protein kinase transmembrane receptor ror1	Q01973	Kinase
Tyrosine-protein kinase transmembrane receptor ror2	Q01974	Kinase
Tyrosine-protein kinase txk	P42681	Kinase
Tyrosine-protein kinase yes	P07947	Kinase
Tyrosine-protein kinase zap-70	P43403	Kinase
UMP-CMP kinase	P30085	Kinase
UMP-CMP kinase 2, mitochondrial	Q5EBM0	Kinase
Uncharacterized aarf domain-containing protein kinase 1	Q86TW2	Kinase
Uncharacterized aarf domain-containing protein kinase 2	Q7Z695	Kinase
Uncharacterized aarf domain-containing protein kinase 5	Q3MIX3	Kinase
Uncharacterized serine/threonine-protein kinase sbk3	P0C264	Kinase
Uncharacterized serine/threonine-protein kinase sgk494	Q96LW2	Kinase
Uracil nucleotide/cysteinyl leukotriene receptor	Q13304	GPCR
Uridine-cytidine kinase 1	Q9HA47	Kinase
Uridine-cytidine kinase 2	Q9BZX2	Kinase
Uridine-cytidine kinase-like 1	Q9NWZ5	Kinase
Urotensin-2 receptor	Q9UKP6	GPCR
Vascular endothelial growth factor receptor 1	P17948	Kinase
Vascular endothelial growth factor receptor 2	P35968	Kinase
Vascular endothelial growth factor receptor 3	P35916	Kinase
Vasoactive intestinal polypeptide receptor 1	P32241	GPCR
Vasoactive intestinal polypeptide receptor 2	P41587	GPCR
Vasopressin V2 receptor	P30518	GPCR
Vasopressin v1a receptor	P37288	GPCR
Vasopressin v1b receptor	P47901	GPCR
Visual pigment-like receptor peropsin	O14718	GPCR
Vitamin d3 receptor	P11473	Nuclear hormone receptor
Voltage-dependent L-type calcium channel subunit alpha-1C	Q13936	Ion channel
Voltage-dependent L-type calcium channel subunit alpha-1F	O60840	Ion channel
Voltage-dependent L-type calcium channel subunit beta-1	Q02641	Ion channel
Voltage-dependent L-type calcium channel subunit beta-2	Q08289	Ion channel
Voltage-dependent T-type calcium channel subunit alpha-1H	O95180	Ion channel
Voltage-dependent calcium channel gamma-1 subunit	Q06432	Ion channel
Voltage-dependent calcium channel gamma-2 subunit	Q9Y698	Ion channel
Voltage-dependent calcium channel gamma-3 subunit	O60359	Ion channel
Voltage-dependent calcium channel gamma-4 subunit	Q9UBN1	Ion channel
Voltage-dependent calcium channel gamma-5 subunit	Q9UF02	Ion channel
Voltage-dependent calcium channel gamma-6 subunit	Q9BXT2	Ion channel
Voltage-dependent calcium channel gamma-7 subunit	P62955	Ion channel
Voltage-dependent calcium channel gamma-8 subunit	Q8WXS5	Ion channel
Voltage-dependent calcium channel gamma-like subunit	Q8WXS4	Ion channel
Voltage-dependent calcium channel subunit alpha-2/delta-1	P54289	Ion channel
Voltage-dependent calcium channel subunit alpha-2/delta-2	Q9NY47	Ion channel
Voltage-dependent calcium channel subunit alpha-2/delta-3	Q8IZS8	Ion channel
Voltage-dependent calcium channel subunit alpha-2/delta-4	Q7Z3S7	Ion channel
Voltage-dependent l-type calcium channel subunit alpha-1d	Q01668	Ion channel
Voltage-dependent l-type calcium channel subunit alpha-1s	Q13698	Ion channel
Voltage-dependent l-type calcium channel subunit beta-3	P54284	Ion channel
Voltage-dependent l-type calcium channel subunit beta-4	O00305	Ion channel
Voltage-dependent n-type calcium channel subunit alpha-1b	Q00975	Ion channel
Voltage-dependent p/q-type calcium channel subunit alpha-1a	O00555	Ion channel
Voltage-dependent r-type calcium channel subunit alpha-1e	Q15878	Ion channel
Voltage-dependent t-type calcium channel subunit alpha-1g	O43497	Ion channel
Voltage-dependent t-type calcium channel subunit alpha-1i	Q9P0X4	Ion channel
Voltage-gated hydrogen channel 1	Q96D96	Ion channel
Voltage-gated potassium channel subunit beta-1	Q14722	Ion channel
Voltage-gated potassium channel subunit beta-2	Q13303	Ion channel
Voltage-gated potassium channel subunit beta-3	O43448	Ion channel
Vomeronasal type-1 receptor 1	Q9GZP7	GPCR
Vomeronasal type-1 receptor 2	Q8NFZ6	GPCR
Vomeronasal type-1 receptor 3	Q9BXE9	GPCR
Vomeronasal type-1 receptor 4	Q7Z5H5	GPCR
Vomeronasal type-1 receptor 5	Q7Z5H4	GPCR
Wee1-like protein kinase	P30291	Kinase
Wee1-like protein kinase 2	P0C1S8	Kinase
Xylulose kinase	O75191	Kinase
Zinc-activated ligand-gated ion channel	Q401N2	Ion channel
[3-methyl-2-oxobutanoate dehydrogenase [lipoamide]] kinase, mitochondrial	O14874	Kinase
[pyruvate dehydrogenase (acetyl-transferring)] kinase isozyme 1, mitochondrial	Q15118	Kinase
[pyruvate dehydrogenase (acetyl-transferring)] kinase isozyme 2, mitochondrial	Q15119	Kinase
[pyruvate dehydrogenase (acetyl-transferring)] kinase isozyme 3, mitochondrial	Q15120	Kinase
[pyruvate dehydrogenase (acetyl-transferring)] kinase isozyme 4, mitochondrial	Q16654	Kinase
